id,predicted_price
2591820310,376516.8
7974200820,871310.6
7701450110,1077222.8
9522300010,2119723.8
9510861140,776412.56
1761300310,234080.12
7732410120,814188.25
7010701383,633301.2
291310170,413783.62
4232901990,599431.7
6840701125,601779.44
3971700580,432770.53
4202400078,239275.5
6064800090,340931.44
2626119028,210409.4
3303980660,1064438.2
862000020,936693.1
2386000070,970687.2
1138000450,349899.3
1775800420,451803.62
2291401425,417908.66
2025770560,920591.6
3525069037,653120.94
9324800450,532401.7
8080400136,546478.94
8651540040,525481.75
9407001790,243474.33
1773101530,145810.44
9432900250,331743.6
1794500695,666220.75
2220069003,327736.5
923000120,474518.1
5728000060,566382.2
16000200,267145.06
1926059094,426030.2
6672900220,1023017.7
3629860060,729421.5
1822069109,415625.97
6675500105,383947.47
249000180,1934409.0
226059065,551329.0
396100110,245813.98
9264450460,326001.22
7853361210,413170.6
9474700020,298694.47
421000455,249021.05
3755200220,431899.38
7960100075,471338.7
9477100490,396382.53
9138100350,863905.75
1624049275,514521.66
2770606890,545247.94
1157200189,399992.72
2770601800,513069.8
9301300805,582679.9
2325069032,1151863.9
1021079099,315174.3
7215730040,747327.25
1853200080,384979.56
3224600340,685798.6
3222049120,451822.28
2113700025,276464.97
7893207925,241187.73
3586501085,577118.25
8024200010,385151.97
7116500705,168605.66
1598600209,339041.06
7204200025,1042154.8
4206901505,592477.44
2937300440,915126.4
7205000180,328985.06
8718500665,381685.88
5318101765,1013712.0
4122700020,892103.1
8078700020,514328.62
3303980680,972806.4
8924100372,1187492.2
2781270210,209623.03
519000043,546239.75
3225069301,1490640.4
151000075,781628.4
2297400020,445917.47
6617500085,629519.7
104510180,244187.8
3528900060,962325.2
3345100286,532633.5
1226039130,415616.47
8712100720,848557.0
3037200010,390114.2
3626039268,451376.9
104510230,247759.17
5112800060,409241.2
6072400280,641215.0
5317100570,1210658.8
9528102993,542624.6
2919201095,510796.03
6181400920,244451.9
185000161,242593.05
8691400010,749685.6
3345700165,541972.5
6151800486,266701.78
4340000080,1343808.6
4136960010,598476.4
3634100030,280821.62
1624059224,1031653.25
2788400090,263363.12
9828200762,443873.6
7524400250,490845.9
3528000290,755290.1
5700003630,2145673.8
2720069019,291328.97
7227501170,244641.69
2397101270,655122.5
6792100090,771689.75
2770602265,541160.44
3971700937,301475.6
422049203,217831.44
3076500830,309106.97
1423400260,298983.47
9161100795,461418.03
3126049052,494151.0
5100401468,413838.53
514500235,480672.16
1423200170,199767.95
1402100070,401443.75
624110020,755025.5
2407000145,205761.3
1890000225,875091.2
1320069271,343792.56
5490700085,350598.7
263000155,459092.38
3726800201,346142.6
5153200358,285754.0
2725079018,760302.06
7165700200,251955.89
9429000170,598947.4
8718500075,394768.7
1760650950,314331.47
1068000559,1255685.6
4113800500,632075.94
4077800507,539552.7
2725069150,710621.2
4008400035,654242.06
7016310270,400556.44
1432701230,234063.75
3278606050,339945.3
2473350710,403869.53
2185000685,174543.84
7792000025,389363.03
6868200029,479556.38
624069003,734850.06
7431500280,926238.4
3296000040,550019.06
1118001215,1649419.4
6453900040,655398.1
333100209,716944.94
34001765,624518.94
8946700100,372187.8
5561401210,564616.0
6671900095,369978.25
3275850020,697712.06
3876300600,412950.47
1450900020,271848.7
8562780280,316481.16
7663700973,315777.34
2126049032,375193.16
1823059159,186882.64
3438503426,256546.17
9297301495,521572.47
7140700850,376982.66
7942601805,692052.25
2555900030,351569.94
2887970040,261775.28
7419700010,644743.9
2239000011,370996.56
9283800050,397697.16
9407001340,265102.1
217500140,517690.0
7212660520,247814.52
3298201170,358372.7
3057000400,269340.0
6865200444,497101.8
6071600340,500738.12
6821600005,665983.06
1235100371,750072.0
7796450340,335732.25
3603000410,168553.66
9297300255,547219.75
9126100850,545578.0
2770601462,469881.84
2599001500,220738.81
1102000095,757457.5
1853080640,989484.75
9551201585,952105.5
3438500796,324018.6
7518504291,513723.47
9269200340,436364.03
715010130,1768165.5
1982201485,587702.9
9526500080,410617.16
9277200180,487692.25
6669150280,292798.8
8917100153,598124.4
3760500516,1144319.0
2725069050,911368.2
3332000091,343976.47
8562770080,594248.0
8151601190,279777.94
8563040160,597338.94
240000269,654166.06
4307350200,319027.03
1311910300,274664.2
3574900030,523299.06
7853230570,431351.5
320069049,350681.94
9839301060,613295.75
7011201333,706182.56
2781320100,280469.06
3421069120,436253.8
7852030320,458810.56
5316101075,2236721.8
5309100750,554793.6
629000730,737953.5
511700170,307404.72
1562100030,506830.06
2489200230,596618.4
524069116,506019.88
5315100737,985732.75
1868900675,816807.25
1608000120,331096.38
705700240,349049.47
7575600610,273221.3
1778500015,730201.7
5423500240,198572.66
6713700025,366894.56
2734100734,339174.16
301402280,222721.6
2113700205,300734.38
4114601570,2577274.2
3332000615,300515.53
3630050180,335908.47
6852700520,546384.3
6870310010,638679.94
6163900981,295550.78
393000142,391949.38
1771100130,327844.4
1442860160,418245.28
9191200435,529839.06
6788200800,945565.3
1115300070,656132.3
3176600105,711802.5
2770604665,600865.7
5469500580,416484.7
5680000545,478097.03
3424089119,560819.75
1328300180,289732.12
1773100922,350994.38
4123830480,330902.7
9808610190,802304.8
4250200140,277318.1
4217402115,2954420.8
3831250350,365942.88
2397101055,847172.25
6817850110,807568.2
7526800200,651533.0
7853370100,635038.5
2523089025,1019040.44
9476200680,253702.02
5714200140,427319.06
3575304895,494834.3
263000018,385778.7
8080400177,507122.3
6450304130,342723.66
514500090,640084.56
9477000300,449105.28
853600310,1344493.8
1951600240,197461.88
1099900120,318312.03
5323100120,580185.9
1223089016,474138.06
522059172,253736.9
1930300190,679501.94
9542840410,309428.47
8665050530,490708.66
5592900205,365547.4
5450300010,665890.6
2459960030,346987.38
3331500455,554809.25
3432500705,395642.47
3702900165,298015.5
5249803550,559391.7
626049058,435828.88
1788900380,196785.48
8075400360,242837.02
9113200250,724355.0
2738640040,673800.75
7821200307,468404.88
3530440140,239402.06
3582700130,479049.16
9276200569,783829.75
7197800020,587131.9
686200490,514806.97
3501600100,395231.34
6383000690,586094.5
7604400150,338769.8
5249801411,637856.56
2607720420,460830.38
9561100010,385405.6
1796370590,248349.73
4077800593,384180.1
854000165,245579.22
5536100010,840963.6
4188000670,808618.25
31000165,1443464.6
662350050,914608.06
4137000280,274081.3
6169901130,1030621.4
1953400510,248756.19
7518506716,958039.5
1552520010,367290.6
7955080270,320758.0
9212900100,537529.56
3438500798,324374.47
7899800890,249113.6
4319200605,490247.75
1329300480,369802.62
8935100100,865698.1
5016001260,462500.84
4337600280,295769.06
1446401220,187549.14
7135521530,595324.0
6888900115,277598.4
2413301070,281928.44
345700040,308920.84
5566100145,442743.9
7634800070,408092.88
9346910500,647356.94
3529300060,309426.72
8128600060,1130993.5
8572900275,222761.61
4139420590,1232683.0
9274200322,587531.25
1472700200,552432.56
8820903380,603194.9
8563010130,974381.8
8965450110,824596.2
9274204230,506250.3
8165501700,323438.47
2193340260,560565.5
1860600290,911938.44
1222000055,238730.97
2492200280,467752.66
2488200455,404547.3
809001520,1336364.0
1796361140,246277.66
6398000011,748998.1
6813600365,590741.7
7504100920,816826.44
8835770330,709070.7
524059322,914259.44
4307330280,398498.44
1245002952,1073613.4
2021069059,255874.27
5700000595,661705.2
3629970930,754885.44
3336002215,268503.0
5100401060,619897.0
3278600750,246238.92
1126069045,1193881.2
7568700175,317412.28
452001475,511343.16
9283800230,553138.4
1737300130,515013.4
6189600040,499904.03
3679400025,450181.75
1096100010,316275.72
9513900050,256359.88
5452800645,799291.8
273800100,240445.33
7228500037,475467.25
808300090,463388.62
2493200215,610979.56
5035300255,683642.75
3380900160,390309.03
3630000130,417493.9
7300400670,273397.12
6798100070,356811.84
8078400010,567359.94
5566100060,500831.06
2768200212,524457.8
4035900060,557707.0
9460000110,315804.2
7199320190,577705.7
2225039081,510974.16
9512200050,616465.5
2634500085,314289.12
3654800200,292544.97
2724079090,1256497.6
2597520720,823053.9
3034200426,349438.56
984000130,307743.97
7852020670,433520.28
7923500060,670843.1
2310030510,304922.97
2205500540,503372.22
2493200015,435511.44
7853361420,586654.4
5652600605,564363.8
5285200020,321757.84
9406530150,355307.47
5706300020,486873.06
3278602490,384656.03
7197000100,557854.1
4447300008,579667.4
7899800045,254638.89
9250900095,344310.12
9268851740,623847.2
8682261440,503241.16
7284900385,1004391.5
8079040300,440861.03
2225300585,409713.38
3223039013,399473.84
2013801350,286758.9
4055701110,775492.1
3578401770,449865.06
4046500720,560459.7
6145601745,347167.62
5207200195,746461.44
1972201856,525320.6
7212680080,252601.05
7277100510,696147.75
522079022,540965.06
5605000440,869509.25
6632300230,393986.4
8815400165,639298.5
6708200320,497976.56
2426059076,580009.6
3260200200,636223.4
2770601741,446438.5
4338800500,260175.62
9201000320,734006.9
7655900038,334753.03
3625059140,550880.5
4222310010,200863.0
2114700115,326653.88
3291800710,315364.0
9406590010,402159.03
3025059124,2628746.8
7972601250,355270.0
930000470,1006506.4
6690500060,489006.03
16000015,202277.08
5693501102,578127.0
8079040490,459615.56
7225000155,310285.78
8819900170,729302.75
7972601270,331488.72
1224069074,832091.75
5126900321,355025.1
3438501860,280304.22
2822069080,439507.9
1656600310,559882.94
3856900507,1307290.9
1626069139,443060.75
2524049257,1337839.1
3904960150,529158.2
7214820610,454075.7
7977201845,666263.94
2428100080,866338.3
2202500135,411266.56
1523550220,677523.44
2313900610,443550.22
4123840050,373138.2
2125059124,1186174.8
1225039067,426888.3
6431500283,483811.88
2473380010,305843.53
5694501195,426317.3
2881700046,362807.7
6837820330,312956.4
2337300370,201250.72
3876540630,236629.9
626059317,354337.62
3374500520,292134.2
7228501903,399697.3
4019300051,537299.0
4232902615,645827.7
3546000090,256385.97
8127700215,722117.8
3438501100,385039.53
1769600066,862917.06
8146100610,722516.5
3052700695,570711.5
7954310210,625022.6
3761700053,2044508.5
1320069179,361827.47
1331900410,753360.6
7303100210,351965.78
2464400285,482898.72
6163901150,363338.16
8955800045,354964.4
2314300200,434899.12
9528104360,426920.03
4177100005,585992.2
8856960260,339109.3
1828001220,624653.9
3066400710,617783.7
624110610,968580.75
4040800260,413503.6
5019500215,532415.2
2481630180,1397385.4
7203170190,690823.8
510001280,1007727.0
9430110120,711899.1
1565950030,339700.7
9828202255,809603.2
3878900270,431783.47
8091600080,215002.34
1112000035,297995.2
2228900270,303432.38
6648701740,306602.66
1245003740,682088.0
2174503441,610493.44
7708250010,328956.25
6072300110,555119.25
2329800140,256567.78
1494300040,549081.8
3832050130,278935.62
7203100730,902056.7
7199330170,487823.88
7785000220,643171.25
1250201175,402257.22
4054500180,1053382.5
7905200061,442985.84
3751604895,197482.7
5220300140,299729.78
3323059027,323867.75
8651611980,861701.6
8673400190,534587.25
1668500100,814247.06
1023059365,580490.56
3308030060,322038.28
4232400860,919559.9
2144800615,256651.92
1568100920,1701468.9
9406510040,513451.0
2923049421,305674.0
1051000040,1555473.1
2077700042,751681.9
9423800030,279846.1
9818700455,643570.06
7133300675,357777.1
4113800550,624487.1
5553300375,1958767.8
2025701530,275584.97
7942601155,415791.8
7524300020,296206.8
2520069100,299938.84
5412300410,219114.56
7504110760,691833.2
2594200350,465738.9
2722059013,308251.38
8078430480,558280.44
1423069162,524789.94
8856001090,169486.5
7000100631,717906.6
4222200280,236050.56
7971300050,640317.0
2009001600,253048.97
6619910140,597791.4
2877100985,520230.9
1196000007,338659.0
1330850130,730329.7
6664900410,270587.03
1231001110,345729.62
9235900030,271871.6
9407101840,298580.75
9523103001,425436.94
2149800278,417854.47
7234601198,649975.6
9476700035,413824.0
9297301065,645032.3
518500700,760978.94
7843500090,348561.38
6056110780,254108.02
2345700260,347489.66
3509600070,238424.27
1431700280,357828.38
1623049174,266453.5
3024089049,419580.44
7853340450,377367.2
7732410360,807141.7
1446800995,311361.62
2946000285,224676.6
425079100,441227.22
3876313040,438740.3
1762600260,934542.6
1925069121,1188130.6
7443000480,859339.6
7820000015,372256.44
4027701253,501226.97
2826049165,387108.5
5426300060,988516.5
1278000210,218739.38
923000270,389782.62
7657600005,243774.8
3024079057,399193.88
3276180020,301965.12
7304300760,297521.97
3908100020,568587.1
8835400805,664236.44
4051150070,217847.42
3904930530,462854.7
6163900971,392483.8
7942600310,425740.7
4365700330,306956.75
423059207,285795.0
3992700265,379743.66
7177300090,491532.16
2540820010,641836.06
5700002510,994656.7
5201000030,593271.56
7631800015,2289156.2
2922702965,659888.56
1525059198,839193.4
1245003160,770438.6
3810000455,330728.47
7855600080,626970.1
5701500030,1256013.8
7504020400,588584.25
1402600570,314704.5
7575610760,273350.06
8731990370,322272.38
5021900090,845519.5
290000075,468796.47
2841500010,398135.47
3955900830,442986.88
7852110140,562478.75
1311400350,251129.53
7773800015,584480.5
4123400320,508858.9
2725069157,853842.7
666000143,800027.2
5101408678,538740.5
6371000026,381004.06
2024059084,780644.8
7283900036,356874.72
8881900230,764506.94
3959400135,418816.7
7696610270,241358.89
1689400150,722697.5
5103900015,393623.78
1441000350,432602.88
5101408735,420525.34
3126059027,2147294.5
2320069014,509435.53
9541600015,615283.9
8682320420,729358.6
1562200090,618773.7
3395070980,503036.16
7349600230,254447.16
522049122,234840.27
869700060,296657.16
811000055,1379841.4
1221059176,422113.88
1523059103,479805.22
2025760210,703151.7
9218400088,352873.22
8682292020,453097.8
2623089135,454710.12
3758900259,1226796.1
524069049,572618.1
3121500150,832969.25
5581400080,760175.56
8087800020,477921.72
4070700290,743335.56
3296000170,642298.4
9238500040,594288.2
2744600040,365375.1
6813600380,639689.06
6140100150,520606.1
2201500555,456625.06
2600110250,696701.7
4337000275,140782.3
1186000150,602289.7
1972201963,515014.0
1105000745,430269.72
2887700560,575968.0
4039700080,672047.2
522049104,278376.28
4202400078,239275.5
7520000695,234168.89
7714000310,396419.78
4319200060,637083.25
8624700015,598672.8
5104520610,310502.34
2354300845,388963.0
3824100291,492861.7
6151800612,333395.56
5454200080,1007070.3
6413600290,356323.47
2131200065,317364.2
1459920010,281399.94
50300090,407548.9
2326300090,684595.4
7714000070,393991.44
3630180500,969873.3
1727850340,972881.7
8691430330,968026.5
2310030390,263648.62
5561400610,499965.56
7010701016,545091.06
7883605915,247567.3
1282300995,359942.5
4040700310,457724.22
3353400435,240095.61
2143701015,517258.16
255450020,380101.44
1020069017,308984.7
4038200120,491440.72
9284801100,274052.25
1965200075,700045.7
847100047,566294.1
4038700720,542332.25
6815100085,927400.06
2508000020,303691.78
255520180,604726.1
6822100750,582723.5
869700050,327431.6
1775801405,606157.4
6600400090,218607.44
7202330270,440352.6
1683400165,820337.44
2625069070,1049424.0
7625702440,437378.0
3388000640,223454.05
1899400365,314995.34
6899990200,894285.7
5569700020,890637.44
986000045,295698.9
3293700221,272664.1
3764800250,358145.4
2291400566,373375.62
4219401236,1365273.9
4239400840,156533.42
7211400990,173779.9
7696500280,203479.02
7215721070,521815.47
3204850140,385734.03
4322200220,737457.06
2566300100,1249679.2
1944900090,450319.72
6648500390,288812.94
7385300020,737719.7
1704900135,398146.3
2877100655,742836.25
2726079098,560797.7
7625703800,460836.4
318300040,465357.72
7922800190,526605.3
2023049361,184597.44
8946400210,485736.5
6071600450,540258.06
4343800100,388167.6
1443300140,329870.28
1024039001,807297.75
2767704860,629213.25
7234600851,611654.9
644200065,877617.94
7784400035,741966.25
3826000560,198217.17
9272202260,445798.2
263000253,412549.75
3621059043,622959.25
240000130,523664.7
1352300120,193547.8
7849200861,306329.16
2487700130,511419.3
1796100140,287352.2
7234601221,574800.75
8651710190,471033.0
2916200091,624834.2
1232000915,532544.2
1545801970,274269.16
3211200420,324338.3
7686204675,190410.48
3141600210,191895.67
3959401284,523657.38
2113700825,258162.14
3876000710,384009.94
522069022,543346.9
3214200070,351411.06
1221039156,283490.3
259600790,439021.66
785000040,467737.94
8138870470,528169.6
2596300035,290058.78
540100057,1398065.8
3073500045,494404.8
5363200266,417261.62
8682261650,527095.4
3224510080,862098.9
3211270160,394581.1
9269200520,157263.67
293810190,488425.44
4197400043,333098.12
3026079031,313170.84
5332200405,1050946.8
2473411210,310998.84
9268200315,558875.25
8123500050,592156.1
3221069091,440577.7
2485000165,662215.75
4058800215,668030.06
1926059039,863056.06
2533300680,981033.75
3343903640,317446.6
5700003705,1413418.0
2023049372,452879.44
4058800830,598736.7
3333002302,432307.66
2944500340,270326.34
1982200790,539838.8
8929000270,481089.78
8122101440,315999.62
7525530470,730491.2
9332800020,659571.6
3878900525,223611.72
5420300210,263500.9
9232900165,325749.28
6414100026,412456.97
3013300660,844387.4
7954300120,556699.06
1081200360,324139.2
2877102345,489720.38
2202500255,497676.34
7984400050,238926.39
9558020380,458434.9
7812801850,234701.33
8944460020,351853.44
2306400040,597581.94
8649400410,346240.8
7889602020,242516.42
2041000025,527654.25
871001484,629295.8
2767602141,606336.94
3630180470,772530.9
2769602140,445919.44
2473250280,339068.4
5422560660,491270.66
3756600240,368028.3
8651600160,871114.0
7202300540,791153.1
8961950250,452829.9
3303000130,409117.78
798000062,267719.28
1695900150,879688.1
1604730150,556583.06
4136930310,337937.84
8835401250,1393290.0
8665900328,390624.44
9262800255,249428.12
1853080570,832049.1
5556300114,861957.4
9517200290,484160.25
4037200295,497671.44
7417100123,379657.94
2620069077,202310.52
7922720040,616818.0
558100090,523092.9
257000037,258351.6
3319500385,454371.0
9297301520,312820.78
3580900090,355190.97
1321039076,173945.62
7227801581,264765.25
9407001620,308575.44
2130400150,333903.0
2312400200,251668.22
4046700210,369994.06
1193000480,992643.9
1492800296,548418.94
3013300017,422493.25
3630240140,582655.3
1049010390,341170.44
9320900420,131500.2
4315700060,395735.88
2591010290,305448.62
323089085,703869.3
6600400270,206465.88
2919701105,463186.1
7202360670,889851.56
8927600100,820546.5
3211700045,602714.56
4027701326,458422.0
1601600195,265066.88
7853280350,641222.5
3629970130,729132.75
7203120020,799207.75
9542900190,374201.0
8035350120,486163.28
1238501184,1027442.1
251200240,462056.34
8945300200,191633.75
2162000160,1171771.9
5466310060,137682.86
1239400064,891720.7
5205000020,332513.0
1720800305,601774.9
7280300375,580745.9
2095800400,474269.12
7852010950,548371.7
1428001160,518803.72
9528104910,790090.3
8644210470,907081.6
7923300310,535869.25
254000100,643825.0
1931300688,485981.94
7007700030,430192.56
422049178,233594.66
422069067,450118.0
2923049393,367881.88
930000305,477112.56
2461900448,533087.4
2610100020,285466.0
2895550050,256518.22
7701700040,305218.53
2460900020,467238.88
9827700105,554138.4
1005000240,276460.5
7200001254,500354.9
866400040,559431.06
305000170,670909.44
2260800110,924977.75
3442000127,709377.56
5253300437,459165.44
7576700150,1034243.75
5469501410,494056.38
5104531120,867806.44
723049434,335089.47
622069006,1434326.1
2517101200,312104.7
8159620160,252641.11
5561300640,406559.84
3317010130,237542.25
4364200250,405748.12
8732300060,827277.7
5603700025,749727.3
3585900190,1381091.2
3996900575,259481.45
8731801260,239009.05
3810000860,342249.06
5700003585,2182515.5
6332000050,449911.62
9286100250,439302.4
9471201110,947890.5
9290800050,666528.2
7300200400,629426.1
526069024,1008726.9
1454600156,1239794.6
3904980360,528148.0
2626119062,274774.2
8651730290,430354.94
7611200195,779804.44
1919800260,678736.9
6632900354,296596.7
3972900195,317079.66
5151600170,328626.88
7016000440,471155.94
871000435,720901.75
9578060540,499408.78
2332700060,917240.06
766000240,274907.78
4363700200,340180.03
7100000250,381322.7
2781250560,215523.1
2781250100,337632.62
5419800220,256623.95
7147600245,255513.55
2926069083,841274.9
6189200125,771966.3
9542830160,288346.22
5152200020,278272.0
9412900045,448109.44
6600410480,182332.05
6979970080,558561.6
5636010280,292512.12
1732801300,830282.44
5561401530,453070.72
9578500510,373265.66
7304300906,363602.56
1223089077,718926.44
721049207,272873.2
8691330310,887604.1
1523069204,525963.94
3188100105,659092.44
6608500290,395619.22
2891400410,347880.12
7663700551,330387.62
5413200140,266833.97
425069139,641015.7
6713700155,379156.25
2767603505,496540.97
7789000080,279757.03
9211500620,217705.4
3750604417,195025.3
7922800320,595920.06
1471620240,378638.7
2222059052,367956.16
9551200270,1059215.6
2767603160,555840.25
9406710060,386075.66
8929000250,352714.4
5538300120,431750.12
2223069120,449307.47
1652500060,1646763.5
8564500240,432943.7
3629700120,634689.25
3943600070,427954.9
4171200025,280128.94
2425049063,3355547.8
9828701650,370347.7
3581000340,350470.72
8100900015,406789.62
2125059161,1059978.8
304000380,217384.95
8146200070,1520162.0
686530170,565570.1
2917200645,475289.38
9547200530,789266.25
2122059199,352012.72
1150000740,660833.94
5706200060,367039.12
9265410010,223803.73
4083800555,516897.75
6152900332,362331.84
2520900301,218805.28
9828200790,506310.84
1657530180,283254.56
7471900045,271646.53
9828200460,447432.6
1775900140,428736.1
6139800430,452336.12
7214400005,503359.62
5332200026,535556.56
9510970300,836107.25
2540830020,436865.03
3392100140,207394.58
1326069191,376415.84
2125059112,1128738.2
859000022,323657.97
8854100350,709138.4
121059007,245936.97
7977201707,491380.34
3859900060,2743566.2
8815400735,783377.6
705700530,351491.88
6600780130,353612.16
6378500105,424973.62
8143000310,504199.94
2877102330,688488.25
3526039074,659956.25
2115510300,261675.66
3024059014,1963127.5
2141330360,581220.5
546000400,469716.44
2071500011,402386.44
7972000240,217473.14
7016200460,457527.9
6204200180,465896.62
1552100135,1334770.2
88000173,517139.34
2581900235,755378.4
9211500560,235106.94
621069218,455957.28
1321970240,294049.03
798000630,334022.03
421000285,264617.6
2824600180,809612.9
3832051140,299420.28
1237500105,708582.8
8802400906,266586.44
3166900270,397432.9
3682000060,419305.38
5469700020,272702.03
1245001820,630131.3
9547205660,584084.8
7974700122,751515.9
7550801225,592199.2
1099950050,725871.8
1402900460,322271.88
7636800041,1437517.9
2115720270,259176.42
8651441750,192344.9
3904100035,251497.84
8815400020,632431.44
3303860590,476820.3
5427110040,1160636.8
1782000160,349551.16
6204420290,525163.75
3995700245,301226.3
7955040130,465254.34
1442880650,525349.0
8833510230,1101731.8
7283900551,430535.16
4396000180,274791.34
7504021310,709959.0
322059264,330468.72
3654800040,283447.84
2767704777,518605.22
3278602190,322922.47
3236500220,494190.47
3410600100,290596.38
629410180,736053.5
3352402250,136868.53
4363700304,375382.1
7237550130,1375133.5
9808590210,1211336.2
8074200175,279610.44
3463400330,450499.6
6306400140,900941.3
8564950250,541341.25
5381000070,244477.25
9826700697,501041.72
8132700190,467749.4
7943000020,165572.27
9547204675,608906.4
4112100101,488789.12
727500030,757156.6
114101426,353231.8
9274202005,774916.8
1193000380,821864.7
3039000020,509603.9
7852170130,656548.8
2624079010,643574.56
4137010540,284048.22
7576200012,935218.2
1138020020,334839.38
3969300030,212553.12
898000200,198696.44
5153100030,318726.06
5104532030,536481.0
4406000050,238470.72
9274203390,606911.56
8682290360,462505.28
6928600330,240929.05
4139680070,853286.06
6844702690,473227.38
2154970020,2241487.5
4385701285,1205851.6
2426059071,640474.56
2867300160,508259.4
9512500720,502292.66
1773101020,303802.62
8687800100,293468.6
3627800050,1592715.2
1604600227,277488.06
3300701170,414041.97
9250900111,497761.22
7015200790,659292.6
1311100490,247970.5
2469000010,965944.5
1982201596,577953.3
1862700290,338582.44
2586800270,250889.55
9528102772,455097.38
5490210200,456527.75
6669080020,441666.9
179003055,260270.45
1860600535,990791.6
1592000130,572309.94
3905040170,539000.7
9320500080,256758.28
9276200850,487248.12
224069114,647175.94
2260000340,622536.0
5096300130,357698.28
3432500215,366134.38
2600000050,768894.75
8856003839,227971.31
2492200435,424322.53
7855900110,1120315.1
6806100250,311762.38
2770603523,490585.3
1370800515,1996527.5
2726049150,464317.66
1226059161,621238.25
1068000375,4178180.5
9528104109,489772.16
5126310060,509890.72
1951820070,535592.1
1545805980,439044.6
9464700340,907373.2
4319200675,936058.94
7518500885,585390.3
7852020620,474127.7
869700370,339819.78
8643000190,269489.9
8902000267,606044.9
7972602435,251705.81
2050100210,878345.1
6705120540,474325.75
2767601390,589843.5
4141000490,1290597.6
9345400350,738733.8
3222079162,300158.03
7789000120,254096.1
6646200770,712731.4
6666800180,842124.1
1725800280,497432.12
6117500460,1117803.1
5470100220,230111.55
5457300478,403518.16
7550800195,588278.2
7787050180,557322.56
6204430250,528456.56
7640400250,517530.88
624110920,805955.2
3629920140,393514.97
7173700518,663283.4
3210200395,206604.84
2473480560,399247.88
2623089141,454414.38
1423800080,224439.48
2076400050,318066.6
3832060120,289826.4
7702600930,449911.8
5101404555,408542.06
3723800415,422730.44
3356403400,237883.42
9214400125,539845.5
1797500530,533734.4
9551201660,1200080.2
3878900815,373926.4
1760650280,324541.6
5466410030,240457.72
6388930620,636701.5
2331300395,754585.6
9412700160,293491.06
871001611,642117.0
3142600120,653005.94
3995700220,335926.3
2310000280,288687.72
8039900400,409623.03
7504021510,681095.1
1959700445,1669927.1
1556200155,623585.44
3629960590,368749.66
259000240,427025.0
662440020,396950.25
3123049142,563789.1
321100260,898809.9
6840701095,547592.56
3738900165,371740.75
4427100130,369191.4
9238500100,464279.22
6145601810,374276.0
2570300090,384667.34
4017600010,502604.7
1005000220,395214.6
1257202120,523112.6
9527000490,470468.4
8691400080,681191.6
1726069084,414844.9
248000240,206296.64
6113400046,400819.62
2130702350,355038.12
920069052,259399.81
6071300160,546112.6
1623049041,143867.19
9268200285,335634.62
1843100520,390597.78
2887700826,641879.75
9122000385,518452.28
9475700220,387739.75
2804600005,770344.75
2896400300,400483.44
5015000180,724933.44
3630220180,804122.06
8832900780,612159.4
1568100300,409000.16
8718500610,403352.12
4147200140,1186949.8
1973700030,970293.4
8862000075,179544.52
9320990110,326311.78
1151100035,412309.72
2011000010,235631.61
1651500060,1041047.3
446000190,829014.56
2344300220,910286.8
523049195,223714.08
9191200015,629936.56
7942601410,729036.4
7137800300,211612.34
7853300280,523935.38
6654700240,328444.16
569000050,587303.9
3584000180,237100.77
2026079055,311057.03
8898700880,282745.38
5075400150,634954.44
8731981360,370385.84
4222500020,240423.25
7996720050,521456.06
4077800094,566514.7
6446200365,580413.94
2824089053,533891.7
1311800220,218969.58
3522049063,663849.6
1721801280,190036.92
6131600240,203888.78
7202310040,606753.3
1123059125,553260.56
646910160,229047.66
5630500005,392232.66
3342100785,315240.66
9547205610,640358.6
1773100123,298731.47
3353400092,289164.16
217500015,394786.94
3649100031,401074.28
7896300150,283494.7
623049185,252983.58
1773100430,321206.1
1781500220,774705.56
3395380200,198778.02
2424059170,3440955.0
4389200765,1671717.1
1543000060,487233.34
6154900005,677283.2
2902200240,483167.44
1442880640,530778.2
8562770490,564953.25
2768300655,555876.1
3432501315,325850.8
5035300570,733547.0
3626039028,546178.4
3876540780,246598.98
327000100,1214081.9
7551300065,470975.84
1312920060,253256.48
2215901230,261177.88
6306800010,451693.84
2767700022,484999.6
5589900610,572478.5
4320200020,731379.3
5249804655,623897.06
9238500480,504273.38
3885806565,1139860.9
7905200205,491300.7
5727500102,340023.22
3585220070,397330.7
2078500210,565313.0
1839920050,384178.8
534000080,330459.72
856000255,577941.25
4141010110,1734914.0
9558040820,689375.8
7768700315,1301919.6
2796100640,266987.1
1922059010,246205.42
3448000542,274470.8
3883100220,307435.44
7237301210,269624.7
3893100456,956091.7
9578501110,387245.53
6145601995,436680.3
4024100120,310843.3
8899000050,323943.9
3396820010,593889.75
6749700117,323247.2
1954400060,520279.25
3303970100,777451.8
2540850070,452568.56
3797000745,462595.2
7883603700,257396.16
3438501452,425271.56
3530210260,675464.2
3598600049,200839.3
731500170,371245.84
7129304375,157796.9
263000006,387369.34
7212660560,288998.9
1112700010,435518.44
3420069060,671375.75
2473000470,443540.62
8691390980,729174.44
6184700100,407853.03
4476400275,396573.44
2968801240,318575.44
1529300160,420565.34
7640400070,625991.1
7016100380,430477.22
2172000890,457401.53
4035900015,750682.8
9528104660,985098.75
507100005,326829.16
2783100160,383449.8
3629921140,880960.94
1099750610,246167.89
1330300451,1237124.4
2757000030,916856.4
2114700190,364976.3
2050000020,1031135.06
3832500790,279484.97
2612000390,316423.03
1483300430,541627.25
8899200720,294483.47
9183700470,319923.72
3530490031,203357.88
7857001225,336194.28
7920100083,391752.44
2254501620,457328.1
3303000130,409117.78
3876200070,390409.34
369000365,432188.1
3052700385,722877.94
7856550240,798649.56
7300410110,353114.62
7201800300,427826.78
1695900060,497332.3
9429500146,933349.2
3629910240,691881.56
8805400090,260185.58
1022069050,263815.22
1138010530,352896.5
7877400266,165257.1
7974200452,993926.3
2126049265,468140.9
9547204350,722755.75
5560000680,181208.86
3793500550,301357.06
4217401195,1076612.8
1826049408,399709.16
3905100210,460918.8
7695370160,484712.38
3210400060,227652.86
6146600170,91163.67
2767601750,468185.78
1773100926,358953.12
5700002125,491617.84
1951100100,195061.94
1402200340,309396.56
8044200200,358621.0
66000070,317429.44
5083100065,178422.33
4027701284,394354.38
5693501100,560925.75
3600072,470510.9
8078550250,282583.1
1922059046,267126.5
2902200016,678586.2
9183700845,187899.25
3333001997,308395.75
1432400525,270581.47
2824059128,542080.44
6453550090,859436.94
6202600070,1388096.2
7524100280,223287.28
3524039224,929346.6
5739601300,621326.06
2473000410,407225.7
421059018,302524.8
4232901120,760799.3
5559600140,235949.25
3797310150,282349.56
7986400265,862724.75
3025300095,2686366.8
7524950830,601598.94
9407100730,272905.78
3812400854,401381.75
6002400030,445464.6
2212200090,250939.23
7202330610,527656.5
7300400170,316438.2
8965000110,469949.22
3996900125,321239.66
2221000100,300151.56
1524079088,332615.88
1133000036,360018.06
1868901190,703553.56
4037200530,431047.9
2095500120,328851.12
1995200338,843267.1
8820902350,717821.44
7459810210,362553.8
9536600010,608382.94
8085400586,1711733.4
7518503065,343897.7
8682320350,665090.6
3179100790,710007.3
9828702666,478725.66
6713700250,537441.75
2141330700,644324.8
7519001990,408745.44
3223069019,328066.44
7994700030,437609.03
2592300450,313401.6
2792000010,421773.44
173000025,508200.28
7203150330,656275.75
3305100210,899862.94
2581300055,960844.9
6613000750,1518651.0
7015200685,682166.1
1323089184,495596.22
3793500510,400874.6
2225079030,281425.5
3578400710,403815.5
8100000090,270373.6
2095500040,312253.38
8682281710,745026.7
6163901380,307644.03
6918720080,596376.44
6914700130,532650.2
1205000215,518492.44
3800008,277087.34
6150200180,312578.9
1223089066,848806.44
7768800290,761585.25
9285800330,865432.2
1974300020,467724.4
7628700050,850861.2
9376301800,684439.06
8651430220,189666.19
629810350,803671.8
5016002180,875132.5
9558010230,351642.75
8732000390,216663.5
7899800586,297929.56
5249802460,420988.72
1446300020,503257.47
7785380150,496441.47
1245500950,691657.56
3362400640,622793.5
7578200310,684978.56
4137020910,282151.28
11520640,770105.25
7972601995,259142.81
8122100160,442937.6
9456200450,301454.4
1328320760,339435.12
4025300285,326761.47
2721600125,1098202.8
1123049027,203894.8
3542300060,223436.2
291310340,525995.94
8651720420,457876.6
3298200790,400799.22
4037200585,450261.94
1329000090,1557893.2
9279700013,1164943.1
4151800265,571424.25
7760400210,235362.2
5029450110,207943.2
9492500160,870827.94
3578400270,424558.34
7606200090,297074.0
3682000050,365704.84
1250200415,329595.97
629811600,706711.8
1839500115,324270.44
1176001293,1574071.1
3013300409,362636.06
7853280370,655753.44
3275780030,574441.5
3336001946,240940.0
5456000110,759636.6
2473250400,301746.6
5393601635,510997.6
8820902905,395533.22
1245001659,777914.94
1523069215,442239.2
930000234,494303.75
4083301645,771715.0
4055700778,565245.06
2781230080,427166.34
3629910210,699349.44
7856700060,694032.6
7589700055,488632.22
3888100043,402568.06
6381501636,371181.16
3303951150,394545.97
8638500170,308372.44
5635100050,433540.34
8820901792,811908.6
5456000025,1315620.2
985001275,159763.61
9560500105,718175.94
1421069117,249694.38
4154300296,313901.12
795000620,136731.39
9828702335,546994.0
1250202145,1083422.9
1163400070,261058.52
5652600065,668262.6
1042700050,823855.8
8899210320,361144.5
1651800030,1775322.6
2919201365,772646.9
4365200895,353558.72
6841700100,846282.5
7376300060,425483.25
7852090180,524346.3
9222400565,536596.25
9542400075,906227.0
7338000150,171995.56
4322500110,603035.3
7694200070,439485.62
9321010130,259420.48
3204300455,1329200.9
6706000040,309285.34
1565930130,478063.72
3279000420,225121.69
194000575,545434.8
2115510160,251124.75
7522500005,604358.9
3787000140,477106.72
7852110690,627661.56
5469700260,344290.78
8691410730,696701.75
114100763,276202.4
1257202430,944333.8
7000100635,533425.94
1900000195,210715.47
251500330,1744016.0
7701960210,845788.3
4037000065,409777.72
522059299,267395.66
6072300800,621441.0
6821102358,544387.44
5029450200,215716.36
8860310240,573027.8
826000295,364996.03
9417400110,375480.34
3959400345,694582.8
8899000430,321528.28
7527200030,736681.44
8562720410,1301970.9
1432400335,228090.9
6699940320,356014.6
2525059172,714775.0
7548301044,376074.78
2141300420,847866.5
5100401414,461298.78
7346600092,237973.25
6852700478,548018.75
87000213,284354.8
5416500260,296237.75
322059097,302264.5
7229900005,344414.16
7116000350,153444.67
3739500096,356960.62
6744700900,971466.2
1959700550,1004626.25
5589300435,304979.6
1775920350,362537.44
3750607974,307248.34
5318100935,819486.6
1442700430,512032.78
9346700030,682557.2
1841500050,377812.8
7278100665,399186.34
8635750980,629961.25
6909700340,713391.6
7011201475,758188.56
9348500220,522883.3
3876313170,443758.06
2195700050,924308.06
3760100200,467646.47
3396800120,527907.5
3750603685,248401.72
9828702310,568086.5
8656300380,360726.28
1438000170,582827.8
2423069164,456969.2
2112700845,296662.25
7635801370,533957.2
8572900135,410876.2
7504010590,754104.56
6821100125,473631.5
4310702775,278891.94
2591010180,406108.7
9828700235,753157.8
9376301180,505346.0
1646502355,1163181.1
1498301672,461139.62
7715600070,376407.5
7283900045,495757.16
522069119,485365.28
5200100125,606153.94
826069184,471113.38
3271300155,766325.06
4444800045,696519.8
8682291050,793054.3
2770605420,529599.44
1556200205,483148.53
269000970,1357557.1
9264900880,267392.4
2323059074,251461.62
1224059053,1477458.4
3755500065,436731.22
2571900430,387214.44
3705000070,289799.53
824069173,583665.3
1735800050,139537.58
3025059089,983390.56
6132600655,873229.7
1068000255,1681127.0
3052700921,675142.8
3024089057,333917.88
7390400026,289014.78
1787600224,424636.97
2923049372,338099.0
7015201015,1015690.56
7701990040,842256.7
1925059194,1179649.9
301401370,337654.1
1931300955,407135.12
2395710070,376379.53
2591820070,411745.97
7883604065,234833.17
808300200,477591.38
1421069159,498637.25
8562780540,335683.47
2787720300,401657.47
2349300069,316266.56
739000035,192883.56
2397101460,615538.8
7625702437,382060.06
5101406441,469401.4
3323500010,1269823.4
225039082,790725.5
8078100260,346120.0
4139480200,1399108.6
7436300160,484614.44
822039004,608182.44
8651442910,231397.38
1370803510,686697.0
3342100569,675255.56
1310430400,506559.4
104540820,238127.1
4305500030,574385.2
993000090,706954.06
8044050040,437769.75
5707500050,819389.06
6306800080,372767.94
9206700190,806898.4
8732040090,328994.25
3037200045,423318.9
438000025,626717.75
239000115,318953.7
8929000230,482340.2
7135520610,1074788.5
5561300340,497682.5
9530100085,715564.9
6613000140,1469207.1
8835210130,316925.53
3782400190,350417.9
379000051,280948.7
3869900150,339407.34
4322200050,462063.7
8961980290,695154.0
2558670110,436436.06
1124000010,450534.72
3869900138,486456.72
7853300720,483661.94
251300110,267764.0
3904100041,268017.5
7701990300,828528.0
8682231190,577312.8
7888200240,221053.89
2025700730,320056.03
3066410800,670460.2
7576200040,778617.6
2526069095,919904.44
2781270530,207344.9
3763300005,469759.6
1523049083,196004.55
923049468,183447.11
3303700221,640726.94
1502400140,218399.7
2880100160,1018159.6
4083304535,937142.7
8820902549,524090.84
4139400060,820373.44
1222069094,353428.5
9367200205,582991.56
2734100736,297995.7
3856904580,673060.7
3812400789,388675.12
3303980090,1033464.5
1314300018,285218.75
9522400350,559860.5
7524350080,357954.25
9406520260,339387.7
3278602040,361248.38
7696620100,241146.17
3751600635,219990.38
6365900065,408777.12
8732800100,279848.03
3876540410,247080.16
7349660050,265425.66
1036700220,660408.5
5417600200,325481.62
8732020310,262122.88
6844703240,978758.0
923059206,363604.1
4038700220,585880.7
2597520900,770033.94
7203230040,1039493.75
8820903560,360210.12
424069112,746779.44
6056100102,462900.66
1823069155,474901.5
9412400220,2719710.2
6851700381,1020036.44
13001215,315270.44
3630180340,819066.2
6746701090,582970.44
3832050760,276408.12
369000690,477443.25
6071900130,551607.75
7266200085,638917.3
1473120390,432452.56
9523100458,547921.75
4345000510,272568.38
6600220090,470625.62
8079040320,406903.56
1357900060,443432.22
3996900295,331596.56
1442700250,517895.2
5021900175,638397.3
4365700130,316943.47
3876100320,485047.3
2124069103,395070.12
6700400140,258975.12
7852090810,538808.4
1454600038,950977.7
4137000250,308633.25
9826700726,550710.25
6716700325,466442.2
8562750300,605100.56
9315600050,1660077.2
2790410250,652608.25
7732410130,772403.25
1387301730,376262.62
1568100220,346679.84
3975400085,880731.94
339600110,444130.16
7888400500,226447.45
1842390130,726809.06
7595700025,353864.62
2158900140,809151.1
6151800070,371863.75
9294300515,749954.44
1250202660,846582.8
9106000005,1098736.0
5035300085,701640.94
8898700440,290976.28
723049197,183269.72
2019200220,242848.14
2926049408,656140.4
4233600190,998152.2
9268851860,438916.6
5458800620,690463.8
424069096,464112.5
8150100265,217782.66
2742100085,331476.06
8045600130,398006.03
8039900086,306035.44
4131500190,398620.53
1370802650,735825.44
821049149,254739.42
5104520460,375720.4
5466750140,256860.36
1703900155,313311.78
8658303065,284093.8
3298720030,453975.97
1839900080,278452.47
1561600025,788558.44
6064800410,329596.7
621069102,239344.67
7853360620,428452.1
9385200045,596206.44
7214770020,613607.3
5412300100,228617.67
2025701360,267154.78
7334602070,285654.06
8029200190,221538.39
2622049052,679656.56
3126049261,334549.62
4443800705,462518.4
2473420100,307499.94
7922710520,510401.9
3336001911,291152.44
3797000300,491130.4
5406500480,646336.56
6706600090,438055.12
1518000230,330901.1
1250202990,868162.75
6441800060,760320.94
2141500070,453061.56
9407101900,267768.16
5451300117,1999059.1
326069132,437880.2
7153400100,235463.23
3083000910,462308.28
3021059304,355280.25
2597530650,809194.94
3972900215,332654.97
2473420070,303925.53
6115400008,491994.53
8682220230,842941.75
642150080,582179.7
3775300030,326642.06
5418200340,661887.0
2424059119,998478.8
7899800476,231996.23
8598200070,262393.56
2421059125,596675.25
9528102771,526154.94
7522500020,671144.9
7202340720,626926.6
3286800260,594094.44
1121059105,460351.6
7504030220,646147.94
4045100190,1733811.2
9406530090,368361.22
7138000260,274922.22
2600010390,704607.25
2917200365,429693.38
2191600780,219911.58
7784000180,464936.28
6149700194,317879.16
8082400136,729847.2
7202340930,664028.8
1972200556,609735.75
2767604170,522531.62
3271301175,542074.94
3223059303,537831.94
7598100735,1133409.2
3348401490,317992.25
1545803390,270066.28
2296700050,538897.0
3626500045,755619.5
1596600060,243593.56
3616600250,1527593.2
8078560140,287896.44
1796360350,245983.1
2770601763,468550.8
3223069118,707477.25
2473372040,362514.34
3575302759,403362.38
5706200170,497891.22
1774000030,452598.75
2224700136,346775.84
1250200418,349065.2
5416500840,369501.94
7335400345,141823.56
3776300010,963004.4
8857320130,487370.44
424069206,777273.1
3592500985,1115793.6
9828701295,422265.2
2621750340,317967.56
7334401000,255716.8
3286800110,610237.5
1722069097,484860.0
3574770030,573662.2
1336300610,1157905.4
7230900100,323303.75
6141100320,286968.84
2767602356,764018.9
476000017,479280.1
2558600100,450355.1
3500100015,289103.75
4074300150,415441.22
8907500070,4115128.8
4388000260,196223.78
2475900850,260556.05
7852010900,534982.56
318500300,685917.1
9200000050,174321.9
1026069106,477118.1
205000120,625150.44
2616800600,854191.2
921049141,751495.56
2023069059,808492.5
7229900145,444116.0
4376800010,556934.5
4389201095,2459982.8
826069127,452420.44
2310000250,293826.84
4058801225,361093.7
6600220550,456454.72
3585300194,1568236.1
2594200375,428163.7
1102000514,841810.4
1862400471,364108.53
6928000440,317462.84
9578060470,509898.8
8732020670,266455.8
1823069088,316268.47
8712100350,1212341.1
3420069055,338174.5
4229900140,331693.28
8682280490,429930.84
3830630310,242186.14
5100400251,387470.66
1737100830,601996.9
1630700276,486521.03
6326000205,412082.72
3426049284,2707966.0
3814900260,407009.47
7403200050,1918337.4
1725059252,809721.56
8899200570,323872.22
4137000700,267750.38
1115300270,790124.0
3904920380,586005.06
2695600195,367662.2
9542100135,860934.44
1552510160,418644.94
1823059241,806575.5
2193320450,598467.6
1122069006,618139.5
7853340330,391022.47
1954420380,509727.5
7299600530,272283.38
1760650670,258950.75
6819100080,649449.9
2767704649,494570.34
2424059035,867135.9
1566100400,397979.6
5255690060,460117.62
8860500130,393102.25
7349650120,328926.97
3291800670,447392.75
3764650010,515074.94
5416500950,408882.0
7973202712,212505.19
3291800120,236102.06
9211500620,217705.4
8643200020,377070.38
9197100101,189760.52
3531900060,334918.3
8842400071,405902.06
6844701680,499192.25
6413600285,429200.38
5196410260,943294.1
824069121,747395.7
3876313120,421898.6
269000030,1040846.7
1560930070,852296.7
4435000705,200817.53
9542400025,833927.8
2470200020,1786698.0
7519000580,558098.9
1226059101,529843.06
4449800063,441486.94
2815600305,716574.3
3821200050,224290.02
2644900110,376534.06
8058500005,383678.38
1099760230,209670.47
1954430180,523511.8
7853360480,508834.16
7229100040,338725.66
1432400120,211497.81
1898200080,360133.47
4054520100,864022.06
2568200140,763600.1
587550010,751199.56
4154303215,824551.2
6358900070,1026815.3
3277801640,419215.2
6209000165,321964.53
6143000020,273325.1
2591780180,416093.16
5412400170,243868.55
5466350120,248764.94
2877104196,651362.0
3222059007,359695.1
7957600025,257228.81
2698200210,270100.16
3764500230,529710.9
414100630,374399.3
8029740060,340415.78
1426049054,358531.62
546001060,670141.25
3277801417,397518.7
3630120970,775172.7
2326059080,1000631.75
3278612370,362626.53
4024700100,312199.97
7697870860,227139.27
8562900240,678301.1
4059400585,221655.02
5703000050,505180.4
7701990560,857441.1
1760650610,313962.47
5408100035,399043.75
1370800560,1256419.6
2880100240,514331.47
3630060150,562555.3
6071700020,528701.75
2473002500,448947.97
2768300650,501870.2
3523089019,827375.4
2787250190,513351.94
9477940440,396705.22
8732030440,305046.75
236500050,322381.72
993000100,729336.44
5466700360,256172.1
7203220300,873860.6
8682292180,424672.97
5209200010,489411.97
7853360990,418563.78
8663310010,444956.7
2313900165,537560.0
6114600030,675797.8
3303990030,825050.3
6679000960,358310.56
8161000230,520870.7
9510860060,713598.44
1223089083,791950.44
2721049059,287134.66
2523039278,295613.16
9826700707,511426.1
2159900120,481004.22
2767600635,627306.75
3812400455,410903.28
7852030960,441582.8
319500080,697498.2
1061500360,321996.2
1787600209,406483.78
7888700030,531304.75
3623500260,1138635.2
4219400520,1437452.2
518500460,2407517.5
2500600297,274538.9
7283900010,298820.38
9225900055,306138.66
4036800925,409677.12
7967900150,392752.78
1782000130,432153.78
3163600015,133434.2
254000075,426793.4
1424059022,1019730.25
2768200090,689567.75
4319200505,502735.47
1592000780,664451.3
1687910100,593519.4
5200100115,571231.0
3751600176,215197.94
5608010650,901507.2
2051200506,335411.9
2781280310,286526.1
1023059190,270320.3
2787310130,276082.8
4358700100,428391.25
3121069036,597002.3
1959700225,719408.75
3205500230,366948.5
7974200937,516297.16
6819100111,986280.94
6146600175,183944.83
1525069095,836870.5
1231000510,502442.28
4122700040,981670.44
2426039314,279256.97
2013200390,274944.8
1854900330,686230.44
1923300135,562218.3
582000135,539082.0
587800130,301769.8
7840800135,193545.28
6116500366,375092.66
6392002635,650805.44
5361700020,336406.34
106000395,426590.8
7199330390,388449.4
2484700155,658922.1
4038300070,457349.5
9407101850,309341.03
293610040,643294.8
7202360760,822554.6
5608010750,1122542.1
7236500025,300100.4
9144300120,337341.34
1454100267,427836.8
1377800135,656128.4
7967700570,242032.08
1562100220,587248.75
2923039243,404884.2
868002080,776823.56
7137960460,279465.66
1023089096,324851.66
3262300818,1862277.5
8563050110,588461.1
7137300245,403562.94
4365200630,427986.97
4100500070,1851913.6
3821400200,242780.19
5379803386,246784.52
4237901075,598021.8
8118600155,401814.34
8946780080,818246.06
1428000970,425947.22
7011201004,769996.3
2799800180,349682.84
522059130,258478.36
4315701163,553565.6
3649100387,430362.03
2125410210,473164.06
3224900130,230846.02
6798100661,313431.2
3626039325,828018.1
8730000270,349927.5
6065301040,823038.7
1665400165,237910.69
2203500140,421262.28
4058800875,348681.03
5076700025,498833.2
7853420110,598006.44
7818700480,318091.3
8658303080,335075.44
3187600100,573840.25
4077800518,398860.4
2470100110,5255971.5
3451000206,343319.88
1843200350,172271.38
7904700126,394747.03
9430000070,268040.78
6003500749,663266.8
7701990700,806195.8
1310820150,362656.94
3975400190,642567.06
4100000050,614557.1
7202270700,567290.06
7370600020,632280.2
126059225,535352.0
106000015,438893.28
4458800060,1051457.5
8944290090,232803.3
8682250330,667908.5
9834200390,478866.28
3275880100,724518.56
7227501190,272808.0
1796100010,671664.3
3831200210,293317.56
2521039066,290532.6
7701800050,460834.75
3904960910,655839.44
5647900670,264136.97
7234600796,469202.0
3021059244,223278.62
7787400030,1801145.9
2051200436,615462.44
8820901415,360259.03
3523069047,878528.3
9194101388,471351.3
7277100610,449862.06
9471200370,2078628.9
2767800140,686516.2
3629870110,562465.8
9136102057,612699.06
8648900060,539392.5
3678900110,374966.44
2767600150,533476.4
1972201511,633789.1
6055000430,601864.0
6624030050,375383.62
2215450150,342788.44
2767603824,447215.16
3585900460,887092.0
2922069134,435176.78
9267200062,344251.4
7228500425,546865.06
1089000190,780927.7
3359500960,500899.53
5152100160,451639.0
7230300060,342388.25
2423059067,469989.03
8016250060,247691.73
2524059267,1109108.1
1438000440,539788.9
3326069026,675974.75
9353300600,307204.34
8691410060,706204.5
6332940070,546366.56
1310980110,289228.84
7428000120,261158.12
3626079040,670709.4
2722049077,314890.25
984220290,305913.75
5347200160,214937.97
4154303655,523259.03
2953000250,301759.25
9523102447,709901.75
5104511840,439323.53
3448740250,443376.8
4219400290,1108396.5
5152100060,358442.9
3279000460,211483.84
1102001274,1025242.2
1251200155,1231614.5
2025700740,280954.5
3820350050,360210.44
1245000438,774828.1
7853230200,460190.12
3832200070,271636.56
2926049400,465874.34
1246700251,952104.06
6372000155,608840.7
7950300670,378020.84
7518504130,569391.94
9286100200,440317.8
3992700585,498294.6
7234600786,667239.56
5476800069,360950.7
1126059201,1427000.4
9527000090,458490.66
402000115,290275.44
8818400450,1133410.8
2475900840,255911.72
1437500015,219783.38
2848700095,418724.75
1529300135,331805.9
2597520090,854882.1
7812801125,219198.62
3343903647,424060.84
1951600250,171177.48
9542840590,273855.78
8081010040,1157915.9
3262301355,1423512.9
1861400068,515262.4
3295900490,442731.75
4345000440,233714.05
4219400465,1118395.6
3797700030,286720.8
3204300860,804315.44
1930301555,561857.06
8807300130,346852.94
4391600035,342729.78
5021900140,1754202.0
2946000590,268168.06
686400210,530698.2
3365900462,271096.06
8682262170,397045.8
7312400325,365739.03
3760100100,399610.94
3579000410,479049.3
1773100755,575385.2
7129300175,331905.03
6303400965,258930.22
1328320440,316583.62
3686900025,216670.19
1221039066,419040.44
7950304095,353985.7
3585900785,1114395.0
9455200329,508584.62
629410130,755080.56
1994200375,574844.44
6669200370,999739.94
7262200150,238424.06
7504010750,586173.6
5253300173,304451.34
3395040200,271782.06
322069109,390501.9
4054510270,1069139.9
1710400005,582361.25
8644300170,694314.5
2450000290,1244779.4
6102400166,722197.06
1934800087,433041.22
3333000775,277916.78
5393600509,314712.88
621069039,382403.56
3343903611,650979.3
2954400020,1111988.6
7972000010,178985.34
7214810510,433714.2
5561300540,480044.5
2634500070,410358.4
6822100310,724082.4
9201000100,781666.2
1072100085,340203.5
6190701146,420180.03
3277800845,229705.92
112900020,368528.97
1324059048,692329.4
7979900126,463257.7
7199330370,421509.03
6381500720,424009.06
8078550190,294126.06
7853440140,881084.7
6300000396,361806.44
3374500250,365523.8
3343901188,277591.66
6979900010,775210.4
7199340320,575579.2
1112000125,344248.53
9269200150,357277.25
5104510210,298011.94
925059219,617225.56
100600320,191143.38
1789900080,257026.45
2123049142,312687.06
2459900040,580798.1
3902300450,592251.1
7250000065,321616.94
7823700005,344232.72
3750605247,203665.78
2771601730,586732.1
3298600440,363772.6
9141100005,551417.6
8682262190,413366.16
9407111250,229330.81
1336800010,1620659.9
2255500060,600944.06
7950302345,346674.28
8658303585,210996.6
9184700600,1089319.8
8068000440,291623.25
1310000130,322565.62
7853221330,786776.7
1222029077,333827.94
8562891100,352082.62
2517000260,351023.03
2225300149,357027.4
8651410330,162732.73
2413910050,560074.3
9407100720,275985.8
2112700920,391521.66
3761700251,841508.44
1036400100,667105.5
3585300365,635234.7
8562750060,785004.25
2719100042,524704.75
952007055,408443.2
925049318,585698.3
7203220260,960737.4
9320990140,330304.06
8567450140,528458.8
5379800810,173433.39
7784000100,552086.75
3992700475,461486.4
7905380280,430111.2
943100683,435426.7
8029770470,563961.8
2818600060,1054782.4
1226039124,457995.12
726049184,286807.2
795001930,232435.98
339350150,732128.7
1332700270,291018.44
7548300170,587308.7
6141100330,371551.03
647100096,774295.2
6744700423,526383.75
2895800750,279516.53
4046600220,311029.44
8809200070,405331.7
293700110,818910.1
4178500440,248967.33
4358700164,240909.44
9197100263,245329.2
2426039313,279256.97
9468200163,643244.94
475000190,497619.97
7504180170,462307.9
4036800170,494365.84
2561330040,440077.25
4123400340,528710.2
524069115,959856.0
4047200850,341044.28
8651440230,232260.81
3905030140,555097.7
510000641,732687.4
8663370020,431088.28
2883200760,702126.1
1980200384,778588.1
9468200140,500826.0
1796370150,272346.5
9238900085,634796.5
9191201325,550474.0
2538400060,958798.94
3758900037,971291.94
2472920800,378893.25
321030150,333491.34
2571910100,321850.25
1423910670,286830.44
1118500030,815845.56
1939000010,671286.56
1776460190,462514.16
7504400290,597349.94
3448700070,421985.22
7518501025,538774.25
923059252,498778.94
1431700210,249010.81
8635760480,552532.25
9175600025,4057568.8
7922720250,543082.44
8944360390,481782.3
8948500065,216264.53
8669160310,273388.22
6117502745,553230.2
1789800020,394795.72
226039186,315785.34
6457000080,260627.3
9557300080,543167.8
8562790480,671341.25
6430500008,477360.94
1604590230,760817.8
9542850290,740492.94
7831800395,319765.84
3317500030,1164684.2
624101110,716986.0
3654200039,378423.28
7856000150,834943.1
4338800685,284797.28
3211230300,420338.1
3904910650,550080.25
3598600088,282734.28
3796000400,348601.88
7972601280,429965.16
1450300050,273723.53
7504050090,790631.75
9202650130,600251.75
2419600075,376588.06
1224049005,941190.6
7129303240,314615.97
1922059135,207590.45
7852020250,638506.75
4139910180,1496814.4
4222300040,287872.62
1024069027,1036541.9
8944600620,512912.38
5040800060,827691.06
1036400200,643560.3
7899800915,288003.72
3325069025,489275.47
9408300310,609226.75
1773100604,345595.22
5451100490,905620.6
9536602080,199230.2
9828702055,433560.3
3362401758,497148.66
476000333,446000.94
4364700730,312895.38
5559200020,255424.55
7522600110,259509.4
104510440,247163.48
8820901275,541587.75
3298700125,275989.22
323089172,433063.12
5364200477,597537.75
2222900082,386806.22
6641800020,654523.5
9358001422,292099.78
3438501150,320186.5
2206500430,494233.12
9272201318,565755.06
585000095,613364.9
7708210050,510632.12
9407000840,274215.06
4027701265,495021.9
8644210050,752692.1
8656800020,337802.1
3329520170,215078.1
5104520720,324172.0
3806000005,168854.98
2330000015,729878.6
1447600410,307283.22
8641500252,368472.06
6084600420,280569.78
441000115,457363.1
2597490030,781893.44
650000030,705014.0
3585210200,398095.5
5416501030,410206.8
5406500170,678400.1
2916200065,443374.7
3330501975,495592.28
1774220070,561758.06
8731730710,199972.27
7861500150,461726.1
1402630190,386712.03
9117000230,287295.3
7133300380,711816.44
4232400470,701160.8
1773100972,340001.94
9413400165,276121.72
7658600025,539435.9
6909700040,987352.2
1402900380,293906.38
6625910100,488358.12
3204900010,635231.5
5162100820,295817.34
5560000480,163042.77
1704900303,522176.72
8084900170,1913479.2
2887700091,697924.9
4331400190,314477.56
3762900130,382939.7
52000067,640688.0
5430300120,1038112.5
8956000460,625712.9
8856950310,268213.84
3364900156,405047.7
9310300211,290277.56
6448000020,1407125.9
123039570,453303.66
7600065,516256.8
3123039171,494820.06
8964800445,1706255.5
7857000732,346530.1
7525410090,606549.06
9541600350,838290.8
3186600515,783160.7
4123820450,346421.47
2505500030,1046889.0
1541700240,331041.0
6629300120,371115.38
7399800150,497371.88
9517200180,362823.1
1313300340,495689.8
7967650010,425880.34
8807810090,406982.06
8815400670,848632.3
2310030500,297280.3
2241700075,309028.97
2287400030,317381.4
2827100075,263982.1
1310700390,316473.2
5498100010,458786.5
723000114,1407847.6
6431000987,488071.97
3356407665,216424.22
7852110050,558555.94
8677900123,485956.66
1917300260,231938.27
3396800280,588645.94
8691420050,855636.2
9368700006,274234.84
339600290,373264.84
1592000250,576188.0
1471701780,330275.7
8928100205,636551.7
5029450100,224949.98
5493110080,2382854.8
7883603750,297890.78
1732800175,975448.6
1518000290,321793.9
8604900017,576651.8
5379805160,275624.1
1254200835,620273.1
3179100482,452076.7
3313600266,194478.95
976000879,688984.1
8819900220,698246.6
2130701535,279822.25
1176001124,586978.0
7893805650,409857.84
3885806840,815160.0
3625600190,1347836.1
8562790150,825232.94
7348200115,204044.52
955000453,478386.1
6817810310,396654.88
4040400340,447917.5
1644500050,733842.56
8029500100,322207.22
5244801230,729701.2
1115100119,371466.94
9542400010,832000.8
423059387,587372.44
4023500990,352167.28
7899800857,259542.27
2976800796,213788.6
1074100020,305017.84
446000010,607400.4
7942601200,446470.44
3575305495,739594.6
8691310040,775153.25
6117500430,718884.8
3924500130,547789.2
2028701075,498061.44
4330600360,262095.17
1324079082,476219.72
9268200484,729259.25
9828701605,582480.94
7518506715,975982.25
5315100277,1390894.0
3942900115,399183.94
1561930020,441773.6
9510970090,624834.5
6163900821,358153.44
9510300220,530707.8
3869900146,317018.03
9262800208,789363.56
2522029039,686508.2
6865200095,738846.06
3782760040,487923.62
4237901250,551866.56
2891000610,219359.38
2749600095,594028.5
5422810010,385969.1
3629980350,774912.6
2459500070,291601.56
5113400364,692037.44
7533800885,762910.5
629410190,737174.6
8651431100,231753.75
7960100050,567668.6
1842200040,468316.88
425200205,267300.94
9477201470,365703.28
7905200365,520297.88
6381500635,327391.97
6052400175,384799.2
1236300268,436044.22
6072800265,1773535.9
3423049311,229092.83
3755100540,389151.34
7852150120,373873.62
4180300050,367201.1
7625701935,327211.34
7132300550,423842.4
3025059093,3393273.8
8161000220,436699.9
7852011020,582803.9
2599200160,339455.12
5536500020,540795.44
2095600150,269149.66
8910500226,369536.44
1681400010,671849.8
1424069110,720910.06
5127001620,318533.3
7940710070,406202.84
2413300980,296713.7
7853400250,618703.9
9542801310,280439.9
1890000169,540497.44
2720000120,294820.16
9424400105,488635.56
7888780090,255135.83
3501100280,348965.12
3905100220,475397.94
723000150,935962.25
8691310980,703563.5
2297400250,475412.5
2892600056,256076.05
5273200080,526601.56
5145100460,526891.9
5561401260,579995.4
7732650040,919759.06
7504101280,919366.4
8581400345,274219.4
7129302800,534015.7
9551201560,620830.0
1546600020,640686.06
2648000071,265434.47
3339900640,261855.25
7853301240,455962.03
943100262,281596.16
7202430150,832869.94
3558000120,330392.66
3890600150,493545.44
7452500315,254652.84
7173700591,688311.56
438000015,658648.75
928000020,384583.75
3830700010,406609.56
3845100640,393649.38
6675500112,366104.22
1773100920,349915.62
9485940330,406277.4
5561000600,471187.72
1786830090,626041.1
2011000020,249704.27
8024200681,411834.84
5452301810,1858881.5
5515600075,310848.4
357000135,1437144.4
2541100010,560447.3
1090000036,724382.1
3459100300,405827.38
2450000295,1142230.9
162500015,395132.25
2592210290,823027.6
5101405265,591113.2
1122069019,726894.94
7501000220,837512.8
1310900140,312622.1
3298700941,232145.61
1972200382,412569.22
5100402764,464707.3
2623069069,667504.3
6372000280,530315.56
4305600240,509630.47
2767602094,560702.1
2500600289,155400.3
7203160090,808547.7
3521069146,511916.72
824059321,1552462.1
9348700610,825754.25
7228501745,519108.1
6021503656,425593.22
5437400630,599703.8
2207100740,434786.38
7202000220,406725.12
629811340,718192.06
1324079029,234546.38
418000010,156302.56
6303400290,214589.11
4139910030,1204661.5
3023039066,370839.0
8698600395,217090.44
2799800710,306046.72
7351200050,1162917.6
8564860270,509975.9
2591830020,411988.53
4139420430,1478941.5
9828201725,536394.44
2420069604,254819.77
7224000315,226470.61
3861470120,2140130.2
3222069151,291935.25
3869900155,346321.88
123039346,320412.16
305010050,659905.7
2141340040,699409.9
7504021310,709959.0
2436700315,554164.6
8732750100,374820.12
3298201290,347860.47
9241900150,1092314.1
1180005220,288566.6
5540000050,311177.2
9211520400,247327.11
2623029078,462827.4
7132300695,339606.56
6430500219,423364.44
6084200100,372757.84
7140200280,253583.58
3904910610,596044.1
7625701900,446216.97
9432900560,322125.94
1388600110,246291.95
9126101201,345052.9
4224100030,370865.62
1109000390,570337.25
3336000296,260564.48
7504100590,732126.3
2025701060,273015.62
7527410080,584632.9
7304301045,280203.94
2591840050,435171.4
2767602490,473219.9
5494000040,1331770.8
2473251090,281713.4
3825500080,463825.53
2309710150,340368.47
8901001335,683504.75
1781500435,333949.94
8835220200,313431.28
4037500335,528851.4
1338300180,1868824.2
7968000120,263317.9
686050100,1028331.8
1180008315,253291.52
1657300280,437608.1
7856600170,851066.25
4154303125,596456.94
3295730050,605380.44
1777500090,599949.7
203600470,665539.2
6673050020,339192.06
8731980680,259427.8
2273600260,536717.2
1000102,286102.72
4197400005,552610.25
3378100100,258019.58
7856620210,820890.1
9275700765,965105.8
1246700136,392535.1
4239400740,150858.44
3306300630,206082.84
2524049056,1189239.2
2023049245,255483.34
3210400340,306031.3
2621760350,316909.12
526059183,412712.6
8078460050,665778.0
7504110050,678096.3
3876312840,405971.66
9268850350,304036.72
8085400490,1333838.9
2722059185,508249.4
3644100101,345353.38
1321700030,1260643.2
5608000630,1247080.8
825059349,1369666.5
6083000071,204929.3
9164100105,536804.56
1425059145,464144.38
5210200184,536021.7
9477201370,457192.6
2927600630,1068762.0
2619920170,787037.4
1560930450,545118.06
2896000510,563898.75
3034200067,614442.8
4025300360,380195.56
3362401295,491352.53
2391600555,421035.88
7550801170,512027.22
5347200175,238625.1
8910500471,469364.56
7199340560,484172.2
9266700175,395218.97
808300270,456636.72
2487200875,509225.3
8728100781,294915.38
5379804888,262109.67
6619510060,486995.28
5416500680,428101.34
1862400087,459658.38
2126049277,437089.5
4137000070,303798.06
8081500060,2169879.2
686800065,1019201.5
5561100180,584521.94
798000342,326122.1
5603700095,529215.3
7151700585,1233560.4
8129700565,628375.5
2782100260,656932.6
7011201106,417007.03
2423069084,566097.94
8141300300,306829.44
6601200040,299810.94
290200230,669742.25
1423900220,253293.03
7303200450,224644.2
3755100220,376450.88
796000235,252004.05
7237501040,1173632.8
7203220400,864481.9
9285800275,831266.5
2061100435,477648.62
6414100025,542083.75
5317100750,2652644.2
6145601000,474213.75
5634500775,438209.16
7375300160,600001.8
9558050360,502133.03
4151800420,578980.3
3751600146,222606.42
5302400080,536916.5
357000005,544406.06
7283900306,487431.53
3738900105,350412.84
6822100305,588609.9
7436000205,582962.44
3295730040,605261.3
1526300015,422247.0
3294700101,298632.66
8864000970,222811.1
5469502700,406456.9
8078520310,250776.62
6154900130,337883.6
8945200830,191525.45
1085623630,416901.25
4013800131,229339.3
2287000010,758660.1
546000930,674153.75
4051100390,230160.44
7203100120,648126.0
7523850150,324051.16
3826000665,274955.12
1311800560,217393.28
2877102180,508829.12
3221059044,765475.0
9169600110,570209.1
9510920040,724222.5
8813400155,877343.5
3896100130,1125220.8
2568200740,751764.2
1217000340,317318.8
6430500086,445503.7
5634500234,522926.75
825049073,480430.34
2391601445,1072675.2
7881500330,478547.75
1721801591,101692.62
2473390710,304227.0
5634500891,349773.44
5515600163,519335.6
2560805630,248180.1
8078350280,610504.7
9477201060,384737.72
8827901350,704556.5
3560800040,427183.22
3034200370,536027.6
1328300040,322003.6
2483200010,621086.8
6071800480,441915.38
6200017,210948.92
8149600065,869443.06
3362400615,537233.5
7518502945,578656.44
8001210120,275724.8
8682280340,463485.44
3623500408,2285074.5
3764650070,484339.25
7937600380,327338.12
923000580,723106.75
217500005,415733.4
5419800510,252041.94
8562901250,543244.8
2212200100,304998.56
2310100240,368580.53
8582010240,658620.9
8651410670,178102.86
3330501645,246093.92
8113101232,373181.9
7849202190,291367.6
1864700300,312717.8
5231000060,326276.72
1565900070,239732.17
7555220140,685364.5
7518505160,456308.25
3322049005,615523.44
808300550,422746.62
66000265,442948.66
2880100675,370727.5
1524079156,401734.75
3625700010,1829924.5
3259400024,336851.9
3205000310,360535.88
807800190,270292.16
2783600210,488317.03
9290870040,798363.4
2561360120,437431.1
8857100180,373574.88
4388000070,230484.22
3860900003,1050937.4
1176001119,588672.25
6084600330,253428.53
7985000100,244610.55
8026200080,381355.88
3210600010,740522.06
7558300170,572006.0
7852180340,448891.22
524069011,652954.56
3361401011,132592.27
6117502455,295349.28
5602000025,197282.03
4142450490,285369.5
5306100255,378174.22
1795900120,588798.94
1193000280,854196.56
9238480120,543486.75
3630200780,934763.25
1250201130,459179.12
7796000095,1530859.2
8635760040,495148.7
9476700135,282225.25
5249804510,541597.4
40000553,179986.56
3204300625,877138.2
2596400050,402526.53
2724069103,413921.53
3744000040,465903.9
7525100590,410943.97
3705900292,418125.0
6169900790,1610274.9
8127700735,1130062.6
3761700067,1089341.5
6065300570,866788.6
4022902050,479227.56
3886902590,555956.94
4107100190,2152195.2
2909300150,672618.9
384000135,458125.1
1005000036,502874.1
8856970530,324168.5
3448900320,580128.7
6713700100,385955.53
2260300060,2159889.0
7273100026,652075.2
1277000020,914192.94
2620069113,369246.8
4166800080,342497.84
8731902680,276895.7
2599200830,212922.75
7569500010,724807.75
1825069031,551056.3
4443801495,613094.94
7805450110,765255.5
3345700207,516341.75
1560920450,1077205.4
3629950010,442001.6
3782100035,290677.03
5561400340,830302.94
1898310110,257853.17
2122039094,811145.25
631000040,568568.44
293000145,424012.25
8121100015,396421.12
3205200430,391361.84
2475900565,285181.88
1651500040,1987595.6
3955900500,414115.7
7907600100,274638.1
3123039136,351559.78
3972900735,287084.06
1424059130,465080.47
6792200282,246257.11
910000104,283278.75
3751600784,325500.0
946000295,466117.2
7749500070,336480.6
255550070,355153.78
5151600340,319093.7
5415300060,483459.97
287000110,602408.25
7585000110,201640.72
8121200460,526147.1
6891100090,906829.8
7575600100,301460.0
4240400140,624810.7
4046500510,294777.78
2944010240,1076034.8
3449820380,524535.0
7203102140,292095.03
8665900291,483113.44
1775930010,416968.4
1118001631,1275746.8
8911000445,313537.53
117000100,628263.9
9284800085,478095.28
2795000080,481577.66
123039207,343231.34
1312200080,225032.64
1236300290,1247746.8
7549800168,458687.66
6891100260,873360.0
6072000910,537242.06
3226049184,350213.03
1442880320,519584.75
23500190,595906.44
6021502070,522075.78
4168000110,206107.95
792000006,183102.45
9558200210,238995.95
3840700757,665174.75
3876311650,571638.56
1328320800,329563.44
5006000170,271370.56
7575600430,256170.02
7686202580,178988.22
2524069097,3048699.8
4292300024,381536.88
2726049071,480639.25
3526039019,724745.0
3300701365,457202.62
1274500170,194004.16
7282300095,278479.03
8562740440,734220.56
3761100045,2778784.5
2877104265,880606.5
7940710100,511669.2
6071000030,745446.06
6448000100,1567233.9
2923500230,2998166.5
6751300375,458485.47
7214810350,468044.0
1088800470,565375.56
7129300420,253720.02
6149700405,325443.3
9521100855,486391.84
1861400116,712394.0
2787460720,213179.55
6073240060,664401.7
291310100,412151.28
1247100035,1070701.4
2626069030,2163436.2
1326059085,643573.0
6447300265,3577302.5
8651401270,173643.55
3524039209,988689.75
3226069049,1115452.1
7548300425,433762.0
1438000360,502337.38
1777600900,752732.25
5244800695,569185.5
3387900390,264894.5
1954700615,1167188.9
1026049036,302134.8
1683500180,243292.05
1939130420,637528.0
2021200530,981658.6
993002325,458280.44
2780900220,298856.9
2540800390,444112.56
2919700540,618268.44
2787250090,525764.44
8651442520,260820.45
100600860,200301.58
1437580480,1005651.94
3886902505,619028.0
173000140,438573.8
5151800045,500002.75
3010300240,536480.25
2085200261,324217.62
1839500065,285145.34
1049010300,397705.12
1328340540,322983.22
8887001625,427273.5
5332200320,762482.56
7137960030,279237.4
5468780250,328081.28
2436200715,641540.9
5137800030,297390.84
1068000520,1253345.5
5379805121,418267.44
7445000105,496668.38
7942601895,712883.2
1727850350,1021484.7
9407150310,323766.9
5569620550,730799.94
3179100480,477970.8
3624039111,179105.53
7844200050,326768.56
3304040020,373113.44
7739100155,637074.1
6099400053,174950.23
7468900270,206556.19
396100025,344606.12
1160000255,414265.06
6300000320,389544.53
6392000570,379679.12
7387500235,341391.16
1121000058,563142.2
9828702120,564147.6
7715800310,452424.03
8562740370,730246.4
5637500070,417259.56
5561400470,614002.06
1189000205,440778.66
2412100025,359433.94
1073100065,301887.53
5160300020,556537.06
2770601677,455822.4
5104450070,446225.3
820079043,411379.84
751000190,380556.28
1823049179,412270.1
7430200060,1316317.6
3331000035,492210.16
1775910370,526813.9
3626039299,516930.88
1546600125,660304.5
3260810150,326910.28
6817800330,304057.12
414100045,388311.28
1326039061,405513.7
4055700030,1293015.9
1225069038,4353398.0
2296700260,460623.88
2822049160,224704.98
3395300260,544735.75
5144000036,373733.5
809002290,945419.44
7334501410,357843.44
421049114,205981.5
2623069010,786475.9
1133000144,512465.28
705710290,338691.9
7313200120,635262.9
1269200150,277222.34
9264930970,323668.62
6819100020,2256562.0
5112800421,301240.62
7846700850,292486.16
7227501450,287576.72
5451210150,761760.75
4140900140,429896.97
3537900180,944935.5
7738500475,465212.06
3541600450,408030.72
5379800040,298898.66
6664900330,280558.7
6056100312,353027.2
7766200013,536844.8
8651720470,489709.72
5690500095,1002362.94
5423010180,783555.0
3204300610,583401.44
3425059066,531487.2
7856660130,1096536.0
2954400520,1360284.5
2327000110,895484.2
9526600340,686141.4
7695500200,434287.44
7237501180,1238150.6
2008000550,270160.34
1123059126,580196.56
1775500371,784017.25
3459900230,1879694.8
2619950310,438654.47
1771100330,348356.8
1321059097,412820.4
2420069278,296363.22
3832050570,297121.84
7132300525,439962.7
8691410700,704758.56
7967000150,352114.34
1328300810,334834.03
711000110,1300456.8
9485951460,391730.66
1771000970,342781.3
2817100900,282215.22
6817800630,372058.03
3558900450,507111.25
7215400770,384078.28
4222000320,202540.39
2791500270,276372.72
424069018,777681.5
9547205180,649314.1
5631500947,582018.1
1425059193,1245951.5
567000775,440866.72
3904900610,526063.1
3649100346,398508.56
1624049228,462841.25
1559900080,375279.78
2919702040,579891.5
4013800206,196358.11
1025039292,1150712.6
2771604640,743412.7
7203600550,249593.73
1545802830,263556.78
3303910010,637213.2
8617000060,875559.7
7889600190,238174.12
3325069064,485049.5
6300000337,544931.6
1172000150,329554.62
3348401319,336877.66
4188000490,864798.6
7779200355,701369.3
8029900110,437113.97
4060000290,241489.89
9475710040,394295.06
798000535,248884.1
6415100410,390521.97
4299700095,278652.88
6117500955,463762.94
2421039075,210203.92
3362401935,546078.25
1545800205,296060.9
7645900235,742524.1
4141000060,1244359.5
9485800050,606502.9
2436700280,768335.9
7335400400,222739.69
9294300495,739371.9
6649300190,410761.06
7950303270,348722.97
2391601010,431753.8
8129700728,613072.2
7871500685,691184.2
1498304065,570720.8
3862710010,427761.8
9209900335,561515.3
952006857,357606.88
2322069168,603790.2
1775801090,481108.72
5700002165,561458.1
4029400080,428422.9
7796100080,1000589.25
9279700150,1795042.1
3876200060,423410.8
2934800025,327174.9
9359100101,982999.75
3330500335,345231.38
4027700466,376143.0
3204800430,404307.5
5415350770,705925.56
1443550020,493334.1
2810600022,338949.0
1238500281,482000.06
2591020140,488319.6
7137900960,231054.56
1328340630,294839.88
3529200190,326166.22
1624049291,896401.06
4083301120,652763.7
1873100060,675868.94
1773101159,253220.64
7214700350,479583.97
3856902250,616670.25
7169500130,530348.3
4038300010,421671.7
9578500810,431258.4
3345100184,441481.88
452001860,449068.56
7905200037,529283.9
9376301110,510501.34
873900240,302192.12
8682262400,408998.1
7227500910,175288.7
2392100090,465255.06
3221079050,407507.47
4307320280,355587.53
3211270170,517217.8
726059483,767307.1
424049043,1228775.4
6865200140,675391.1
1155640050,430530.38
4139430250,1252845.2
818500100,185628.05
7999600180,190916.23
4099501215,895823.7
4046700140,370300.56
8857600490,202491.69
8677900120,507531.44
5379805253,192963.42
9211510410,235364.28
2337000150,267007.25
1423049029,265190.56
4036800580,454000.38
3942900010,358257.7
3438502715,390331.6
7625702441,380718.72
3905100610,449441.44
2218000335,437396.12
3034200516,381596.7
8024200625,425585.44
8564500020,335058.5
9550202700,481592.88
7518508625,589789.75
1822350070,364916.44
8921000040,788122.1
6648150090,1515614.2
2402100675,738926.2
42000127,274602.03
5100401160,505627.12
7347600507,240516.1
1839910300,324910.75
1250201550,792509.5
9460000010,295013.1
3356402232,206508.14
6819100150,696358.1
8645501330,261975.62
1556200005,831273.4
40000228,192088.61
7300410010,358340.75
4299000030,367500.12
2629600016,475034.62
662310900,364575.97
1909600046,532760.56
7893207490,207267.8
2524049318,1929057.1
924069210,729472.75
1591600527,345862.12
98000060,1241949.9
6392002020,607947.44
2719100400,478507.28
8018600655,473034.6
2141500020,438356.25
3277801580,487320.2
7237500110,1002381.56
626100023,554816.06
4319200820,369204.84
1422029138,570762.0
9517200610,372413.84
7334600280,299259.4
8820902400,543319.0
8944600060,507057.97
100100050,314925.84
8074200100,254529.27
1836980240,825633.56
6648500440,319409.0
9530100225,603020.9
2883200875,643455.5
4218400175,1011177.5
1022069183,630253.0
6398000171,498360.8
5021900160,643608.9
8078410250,552519.25
7972602490,331054.03
1962200435,847246.25
7221400285,268798.44
273900030,246624.28
2708450020,502075.53
4083306616,463460.72
3034200435,604947.5
7855000550,1377254.9
871000155,641565.75
8024201714,528134.4
2625069038,1461189.6
2324800350,836412.9
5450900010,1404511.2
1822039225,573557.44
2460700700,284275.25
6679001060,330195.84
2422059111,351541.12
1250200345,332487.1
5589300370,318596.34
2021201000,1468371.0
4302200336,293553.7
1328330290,334345.3
3438500781,385644.88
5453700020,794118.25
123039147,416816.1
8691310070,873943.3
6450303785,330093.2
114100234,443766.06
9212900820,503785.4
4270600025,332400.8
7201600190,471062.56
521049227,1139405.4
6300500479,425806.16
1432600100,233932.97
1024000109,331714.4
1430800100,341536.56
9164100125,612346.56
1925069183,507981.25
7852160080,902490.25
5317100780,1577217.9
4083304835,626556.1
9478400080,784936.06
4463400195,205554.36
4232901525,547232.5
3845101070,392815.1
1843130980,294371.34
3810000480,319389.75
7137960440,291348.44
1231001115,396868.62
5101405340,477134.47
3723800409,593077.3
8651430370,188369.56
6135300010,243991.25
23520380,501147.3
2935400100,545963.6
6137500320,984953.6
7841300230,339462.28
3521069051,470576.38
2621400080,304323.03
5104530240,327567.34
2022069200,503104.94
5469501850,446932.44
9206950110,301305.3
3298300210,356495.8
2810600015,397066.9
7298050090,571433.0
7202290620,456561.34
3211290370,464998.0
1591600506,397524.9
2827100070,524343.3
2482410130,394512.3
4364200125,419421.0
6388910730,560719.7
7436500120,514305.38
1822059156,803323.6
9432750190,469704.38
2205700405,416177.4
6056111370,333077.62
3205500160,398041.88
6139100076,355264.47
723069135,439610.8
4123830070,330488.2
2472920740,448451.34
6134500220,631740.6
2734100395,218249.67
3574800090,445678.88
3126049107,476825.3
669000210,1152222.6
1139000620,320272.88
3825311190,700206.56
7300400320,353142.9
9407150250,288726.62
3679400503,313381.25
641900050,396197.03
9169100130,603005.1
8091800140,408435.22
9547201155,557664.5
4154302045,320322.7
6638900265,751482.6
1423069063,447717.8
3335000025,506910.34
9269200650,281022.5
1781500180,343847.3
9211500520,218482.25
1853080150,873023.25
2767704756,441142.56
2206700295,470055.53
2557000380,313163.88
11520200,775351.7
3832710680,244762.2
2569500210,321867.03
5230300210,262515.72
6447300225,1735702.8
5035300325,1185653.1
7853301660,745111.1
5411800250,397385.75
7203210170,724670.94
4302200415,338661.0
7942100290,220258.94
3629860160,769438.8
1423069076,612181.1
525049085,574389.9
3306200230,236390.56
2193310300,478927.0
7978800621,284284.25
4027700632,445234.34
1761100190,227797.39
2749600245,547498.0
322069141,487150.88
1900000035,211107.45
3361400190,178215.39
1604602050,533461.44
9421500160,452617.5
7788400180,302984.3
1566100625,497788.88
3861500340,235860.22
2524069072,344273.9
3013300980,508791.5
4191500130,594148.44
9407150130,317539.44
3904902500,705596.8
9510900140,250190.75
3368900084,304214.03
3432501415,304285.75
4254000540,489247.94
2767603250,538025.2
2923501130,665574.94
9183703045,271630.7
5279100675,333373.22
3905080310,513847.53
2461900375,646486.44
3346300356,601678.75
1865000110,348038.06
9264930400,292264.75
3447000100,651218.25
2313900510,527853.9
7518507330,540428.56
9368700270,200160.48
1137400420,393830.66
2023069054,339941.3
2141320230,636359.6
9536601295,380618.4
2424400130,378642.97
5210200081,463236.06
4443800785,561063.6
7292700005,499044.47
9834201205,273309.38
3275800050,273086.28
6926700654,679886.5
7511000140,1466524.4
6821101895,548391.1
8964800695,1239372.4
6821100195,689793.2
1226059105,651174.25
2806300070,1401439.1
1720069029,323308.6
6384300020,501544.38
8928100125,621259.56
8562770720,560147.4
8650300130,682596.56
2126059172,428732.72
8812401450,801593.2
6646200280,600454.44
4021100045,514155.1
1155620190,440442.22
6061000010,346638.03
3362400472,402091.62
9558020240,478877.4
7309100270,557842.2
7137950210,317044.22
7849200635,275256.12
1311200460,241095.12
284000095,1102196.5
1509700050,329161.4
3438503014,291281.34
9406450090,345023.34
5096300140,379687.5
8923600020,1462529.0
809001070,800710.75
2291400342,309985.72
644210020,825862.0
6700390090,257328.8
5631500285,705670.6
104560120,299201.53
6413100311,407674.22
2558700090,439472.2
1471590060,742557.0
8914100170,596578.75
5652601035,359101.44
7852120140,729015.8
6163900952,359017.25
5215200050,956425.75
6352600490,785171.7
3912000020,532263.3
8830400135,236527.97
5467500040,402852.2
9406570300,415015.4
109200390,216643.58
2025770310,766666.6
1939120450,678278.7
7524900003,3039734.2
3755000120,352640.06
2473002850,557595.56
7625703945,403288.56
9477000190,432818.22
1727500230,425580.75
7011201087,466774.3
5561300750,497848.38
3969300030,212553.12
8097000330,313417.4
2025049064,769283.6
985001321,231794.62
1775500050,476162.53
8849300160,380649.22
2316400285,477828.06
2423020180,630261.6
7128300500,531781.8
9512501400,412015.47
7200179,178595.44
5490210670,547358.75
9527000330,596171.4
1972200326,543421.25
4151800195,630097.7
4046500320,359065.8
9834200885,391513.75
8161020050,518047.6
2891000750,218865.84
3426049031,1248240.8
7387500195,263847.25
6303400395,133992.7
638100015,473561.3
4107100204,2193680.5
537000255,203387.39
985001266,286462.53
1137410040,452726.66
7229900250,281338.44
3905100840,510414.34
8100400160,648274.5
1346300150,2622945.5
1443501020,223595.62
5490700035,348192.84
1954600050,499084.78
8122100690,444930.47
3663000070,488638.72
5101406375,468592.53
426059055,651388.94
9268850160,348775.38
8731800840,232191.3
3331001910,360053.1
7603100020,971873.0
809002705,748397.7
4364200075,303571.62
1113000430,190248.14
1176001117,589893.6
3320000212,401646.66
9286000150,1450674.0
301400830,259654.52
425059024,654736.8
8835350300,504192.03
7100000135,317759.5
7696600240,217212.14
9808640320,1011012.25
3764500180,581777.06
326049060,599404.25
4017110200,456117.97
7224500300,261502.58
1560930050,521853.66
726059395,415521.88
8964800890,2327057.2
4045500620,653213.44
8562710250,954934.5
1775800710,375998.72
9528102865,746559.06
8096000060,635272.6
1591000015,287031.7
2310000430,291137.66
3902300350,604023.75
4068300280,279778.2
8732130730,259848.72
6791100410,502790.53
7660100236,410108.2
2568200070,863910.9
7697870310,258617.22
8562901100,607576.6
4016800120,305985.7
7338200180,559769.3
6791400320,273340.84
616000200,446809.5
2917200675,490182.6
2926049086,610407.6
3621059048,451049.72
7987401095,694235.0
5589900590,325811.72
855700170,509601.34
4030500130,299202.88
1755700060,393609.62
2413900050,635278.1
2489200250,466832.12
420000085,234106.02
8106300820,476962.9
8651730580,451832.62
8106300090,380677.25
9842300095,443033.72
9477000280,412183.72
2877102495,412582.3
868001030,1027266.75
8564860110,567575.5
6762700452,556736.4
3294700310,203827.11
7231501665,227409.0
7525900050,566074.25
7882600326,1510123.1
104550690,290273.38
3425059076,1442981.9
8835770170,2908879.2
2581300010,1146568.1
844000180,285543.66
7888100240,226124.11
3845100670,497497.88
4027700812,498546.7
291310390,357540.53
9550200370,636677.3
2328800130,280944.94
2372800100,249575.7
2923039264,679451.7
9282801720,308699.06
9520900230,627512.25
985000955,220590.38
1099600090,222535.72
9211010320,539326.44
3825310820,806989.1
9545240180,616732.6
87000245,233605.17
5041300100,586866.3
3624039150,241634.92
1370804430,604165.4
722079056,487332.1
9126100815,494528.34
1770000490,348112.75
3995700250,396622.16
7214820400,428388.4
2473411130,317659.94
1824059079,961271.7
3080000030,451485.03
984200540,319649.22
524059063,1777005.5
9482700475,756329.4
8024200820,551588.2
8568700015,360457.88
1223089050,378653.16
2205500400,452654.75
1279300085,660412.25
7376300085,472724.5
322069020,447042.2
291310150,360552.44
724069059,1745847.4
5255200220,422597.66
1931300850,487156.1
4427100105,404043.34
2881700231,360497.53
8641500280,273676.75
5406500440,690359.7
8078390150,707120.2
8945300090,214949.4
8819901030,800176.1
3179100220,734082.75
2126079046,344842.47
2621750350,320465.75
4014400190,477619.5
7853420110,598006.44
2114700368,300500.2
3438501081,232036.42
6850700670,805168.2
3352402272,259769.05
4157600150,583746.2
8151600941,302489.62
5160300030,568383.44
3820350120,318193.47
7338000800,191454.98
3359500110,788096.1
8016300240,583291.4
7203120050,789583.1
3322049201,244216.48
7231502505,248333.69
8106100105,3324716.5
3895100039,875795.56
1001200035,217464.36
2724201202,194521.38
4038100110,539170.75
8827900015,610817.7
2644900109,363085.12
302000375,248564.97
1604600095,405206.97
2600040160,669786.06
2129700525,309403.9
603000555,344801.5
4083302225,915118.5
7298000090,426531.78
2484700015,515541.25
8945100320,212912.06
5112800042,447321.2
8091411100,288820.9
7375100070,444074.38
7577700061,532328.1
7923700030,437834.22
4235400186,385030.6
1498303700,723118.2
3876312350,408647.44
3797001815,455150.62
868002015,1446804.8
597000550,451866.38
8956200530,452073.94
2207100165,480721.5
7942100180,224185.14
2468800040,344851.53
9842300036,381159.0
5700003985,2084181.8
2988000070,373944.34
8857320260,491312.4
2600040130,570832.44
6632900452,674229.3
7518505910,563931.44
1672000170,639469.1
2597800010,649350.8
8562790720,705915.44
4219401080,1935576.9
7000100711,695847.44
7954000125,531032.44
5700003640,2014465.4
5700000275,777731.44
4019301205,464681.5
8943600360,275924.6
2954400400,1308557.4
1321400060,294985.28
2255500123,667372.5
2781260070,403810.9
1313000220,730618.1
1125069153,1595630.6
8899000310,262014.1
4139450360,881710.9
5511600315,601801.0
3575302575,489726.1
3226049054,494476.03
274100090,310048.7
1545802080,240446.06
6669020500,304685.38
3307700405,591983.1
3760500407,1966552.1
7853270100,706969.2
9320350020,471518.8
7715800430,467984.66
6791400100,371251.06
7708000010,410277.25
1448800010,306840.2
1782500035,357974.4
3449500050,529862.06
2856100515,854623.25
1245000461,968364.6
1219000043,337612.5
5409800110,403305.94
2680700010,650225.9
8143100350,383925.88
2597150270,290422.03
2966800010,327967.16
8854000010,691438.9
2207200635,458317.28
1722059222,351905.7
9358002305,402335.9
6392001950,478855.6
3630080070,398611.5
3797001702,1092523.0
8127700440,724025.44
1446400785,236118.16
5016002275,1028045.8
2818100060,1376088.5
6431000748,381430.8
7972600450,320187.5
8078570380,304640.03
7889601320,166078.17
1762600280,897025.3
3026059085,1571864.8
3475000080,692082.4
1370802620,670141.75
5151600285,332338.25
2722049218,344968.75
7696300080,384772.9
4168100020,220356.61
1474000050,431429.3
2473480350,326012.3
1139600270,281150.66
6699940120,352578.5
7016100120,435918.7
6752510010,776481.1
7915100490,634889.3
984210170,324942.44
6159400030,430724.84
3013300968,374818.1
6404600006,239233.83
2770602170,469035.1
1922059401,263915.0
291300010,364218.38
3856905185,500863.5
7304300905,353031.72
3416600185,588723.4
1786810040,683171.2
4354700010,398038.2
3902100175,875046.2
4305600360,528364.56
3622069114,617900.0
4376700570,597850.25
6795100589,573444.4
3344500085,474422.28
2206500105,399968.78
8731900880,377283.38
1682000160,207115.64
5104200380,283332.47
1982201595,574108.1
795002190,217210.75
7228500375,544369.44
9412200280,459758.88
5071401000,920391.8
597000566,316773.84
8151600101,148220.73
2028700265,528698.06
1670400090,155663.08
7851980100,1109193.4
5595900345,449549.25
4046700300,352887.7
4324210120,282764.9
2616800050,541619.7
1525079069,661909.2
9828201020,570296.44
2723069146,640887.4
9468200100,616149.56
2883200961,609405.25
1137300690,668240.44
2473100280,332614.53
723049448,238105.62
3066410810,692433.7
5700003280,921859.6
9268200440,414124.97
4053200410,274650.38
1234000704,1230734.2
2473372170,443961.84
2523039239,251722.28
4324500490,208237.25
238000244,472847.06
1105000571,375832.38
1771000430,325108.78
666000142,780145.44
3389900800,461261.97
3578700017,582695.4
3629970190,755315.94
255450250,312574.7
1154100205,290147.56
3629890190,1017346.44
3905080870,523024.78
8155820110,314756.03
5135000170,739837.4
2464400435,578965.3
9482700080,541468.8
318900080,484552.12
9477001410,398448.3
825079019,713004.6
1471701200,411806.38
5606000120,807335.4
7853350220,594948.8
1776460110,434097.72
3904920980,677606.0
8087800430,571984.3
3298200320,426530.7
9122500080,301408.53
7893804845,349838.84
1370803730,609285.8
8001450170,310525.66
5561400260,650864.2
7308600010,740894.9
3524039060,312878.16
7300400150,352103.72
207700050,587085.1
5595900355,238784.95
2652500285,798639.5
6744701310,1751740.1
525069127,1241809.0
3334000050,441194.9
8682220390,710813.75
4038700380,576443.06
8073000265,385263.0
9521100960,777736.44
5634500688,885211.1
6813600440,428819.06
1072010350,513239.94
7853301700,598821.3
5141000571,258887.2
2013802060,586654.1
7852070210,1242908.0
1402970070,325760.6
2310040020,371972.25
646910560,239132.11
6647400090,461115.53
8682231110,560564.7
4376700330,626728.7
8069000075,870817.3
7147600220,215463.36
4142450330,266144.28
5101404698,472446.47
6154500070,1002778.94
1592000640,588671.6
3756900027,562944.3
7203220130,939149.06
643300010,523698.97
8651720150,468854.34
4139400910,766830.94
5054800110,332294.97
8835200330,416429.75
7682200340,266325.3
7203600745,399196.1
1895000260,255236.78
7922750020,533369.8
5437200050,521786.72
8732160250,258445.2
1442870440,508639.72
1471700410,336683.8
3204800330,374053.84
1923000160,893794.75
2719100013,395202.56
3814900380,382497.28
326049038,465176.34
1068000110,1020609.6
8835800010,1228400.6
1560920200,443316.75
1668500090,682211.7
2597530070,849077.1
1139000035,636149.0
8032700072,530188.8
7732300390,721402.6
5130000080,451017.5
9276200890,486074.44
342000036,470144.53
5126300060,485713.66
2331300505,628305.7
8651410090,175148.75
200800330,447631.16
7520000616,324498.84
7170200110,504422.6
3021059155,204880.16
3582900280,1063245.4
7340600845,212720.28
3905040060,514618.4
3224800120,311911.88
6021503740,502550.97
2570300130,448403.6
8121100395,541808.44
3356404198,275803.6
3630090050,746433.5
923000413,517579.03
9201300020,1705202.5
1777600210,677524.1
7738500731,3646031.8
686900010,1018414.1
7967000160,342999.88
3413700130,616218.6
7852190290,586265.3
1180007375,715950.56
3353404510,259306.56
7802900380,349588.7
8021700715,679516.6
3205100080,456721.44
4477000290,546160.6
1118001645,1502440.0
7979900806,319992.53
7228500415,665393.5
7212660640,309870.78
3826000735,192134.3
7714000250,433979.88
4400200057,704222.6
2487200279,557096.9
7140700690,281975.6
3304300080,569911.06
2887950110,269154.97
3760500222,752673.25
9269200786,383083.16
3734900110,233665.45
5045700400,545566.2
2140950130,449353.66
2612000200,372077.03
8563300085,447129.03
2425059173,675629.6
8091410930,301704.38
9422400035,599562.8
1112000100,658322.4
1323089056,451431.53
5015000596,888463.6
1535204165,475051.62
1438000430,507635.6
3222059130,506687.8
1982200330,607107.2
6624010010,222769.61
2303900035,5451636.5
259600620,525844.56
6072500490,447985.75
123039633,327180.4
8562780090,327174.25
5249802240,604160.6
6071200400,527197.2
826069002,336477.72
2625079030,711483.94
6742700210,1210482.2
9253900408,1866782.0
2560803085,279404.56
1237500540,293255.6
425069020,1079868.0
9185700440,2575484.0
8656300345,354721.44
4245400045,245308.94
9834201370,413003.34
7853300770,414957.53
9551201295,522044.53
898000220,231382.56
3834000720,373935.6
1245500690,782602.9
4083304190,632564.6
4178300080,781766.9
2960900045,584537.3
1446801030,263957.25
7855800910,789739.8
7853310150,625118.75
8732131090,282926.03
7967600285,458616.78
8651520510,541833.56
5379802650,225949.9
1425059174,469085.25
627300105,1021567.1
3124089049,399742.28
1778350270,720653.2
8691500410,359830.12
9169600043,553304.6
100300500,310637.3
3221069054,760455.3
4443800385,690065.94
7922710450,690740.56
7880020030,667586.94
3288020050,344429.1
4136980090,1062836.9
1687000240,291196.38
7812801785,225170.61
1126059144,672423.7
792500260,399476.4
3222049055,812925.06
8635750090,667736.8
2767601280,796430.9
5347200162,224284.02
7503800210,297508.88
3394100020,1135277.6
7663700783,423360.78
9454200030,417667.38
3791500050,276030.56
582000185,612969.8
3211230260,401148.03
323059103,430663.3
7297700055,341605.44
1545805460,251047.64
2341800195,330904.97
6648700150,281158.56
3860900035,1668140.9
1980200236,564436.5
1180002745,264336.12
3275890310,760160.9
6840701100,528984.3
8651402750,186383.31
1588600045,396694.56
2422029094,430139.3
1702901500,367594.8
3755100005,489365.78
3624039074,286192.25
7950302995,442478.84
5273200060,632365.6
8025700460,266184.03
280610020,1101399.6
3333002450,470066.7
7379600240,542126.75
4058802300,305755.03
302000065,190927.03
9527000180,548867.56
3626039403,355040.06
9510900360,232513.98
2310040230,381663.4
7308900490,590383.4
2206900065,404824.22
324059161,1004852.4
7345310100,276050.88
2422049107,377965.72
8146100095,708082.4
87000283,362016.56
7937600010,308769.4
2618300350,235637.28
224069102,542333.3
7129302095,242348.5
7352200025,1013572.75
6163900333,347596.56
3528960020,714216.56
1687000220,285311.53
4141400030,602545.44
1822500160,344955.7
5467910190,351162.75
9331800580,301479.1
2407000405,194054.73
5466700290,277918.75
3026059361,458626.4
1523069096,499260.25
3876312010,453649.8
8832900135,811833.0
9238900616,616049.0
4142450040,284263.47
9282800065,330828.53
5379800862,316384.44
2459950010,283794.6
4435000520,241532.95
1552800010,288642.75
7549800543,274230.1
9828200460,447432.6
6345000160,1049558.9
7129304105,381931.12
4302201005,354068.53
2450500110,727601.4
5166700050,538072.3
1085623710,391270.16
1123049129,280400.9
8566100200,959132.44
1774000780,452553.62
9492500170,859262.25
686530530,624812.3
4022907770,645123.6
6052400975,291668.28
3438502501,464757.9
3758900023,1329021.8
1645000580,289697.6
8099200030,231009.62
7635801371,479716.06
3456000310,879028.8
2025059150,827163.9
2624039114,509413.9
3348401095,289152.84
6633900170,507898.78
2600000510,772078.75
9414700020,338159.75
3204800520,373652.97
1844500025,330702.6
4137010590,434606.16
8564950280,519814.0
1338800491,911596.1
4058801702,1089121.2
461004720,565961.4
3123059107,647764.1
6819100380,587566.25
1193000390,1037330.3
3450300270,346509.0
3110800040,282839.12
1437910090,507410.25
3645500050,470015.84
4338800600,239224.97
2114700530,395958.03
6381500450,378090.22
9206950200,288097.97
4232900940,815757.06
1025049174,1065327.1
7774200070,673403.9
1231000310,508069.38
8155870200,314816.12
7935000625,1135882.9
2426049079,358799.9
4037500230,535494.9
2331550120,331926.56
7974200765,507561.84
686200510,590587.44
4024100670,461872.22
3834500195,474445.06
3526059115,591617.8
7950304075,367890.88
1386800054,319937.56
9834200165,532180.94
6147650300,309516.12
6891800360,554820.2
9170500060,599650.3
65000260,853244.2
7784400130,502189.53
7941140070,351058.16
2122049096,201854.31
6003000851,385509.4
7203220050,987014.1
8898700960,304338.16
5245600105,188643.31
3530470190,165801.2
7883603965,299095.25
4022902505,543724.25
3211100240,353278.47
5119010090,604001.9
3821000100,246292.8
7301300050,396204.3
2171400197,366957.94
9471201175,1571305.9
2473450200,405218.34
2258500045,422293.7
1139000400,493676.03
3298701025,236379.6
1498302774,278046.0
9276200190,644822.5
2909300240,660005.1
1250200693,578457.4
3101500010,318575.6
2557000630,269573.8
1324300091,402700.1
2826049260,448279.1
3342100421,659374.56
3524049083,396286.0
9103000393,1465772.0
3121059033,305909.94
7853240200,576466.3
7950700120,315358.3
1822059057,135217.12
1219000473,328509.38
9272201385,740755.3
1336800185,1228591.1
9268851630,436919.4
2788400315,241946.16
3529000930,582960.2
5631500967,450381.22
2188201010,261174.75
8562970040,796006.0
4415600030,396220.62
2473251170,286878.1
7511200020,571723.3
1163400020,257723.45
5412400180,247556.0
255450400,337901.66
1687000210,291196.38
6749700004,286767.1
2738650030,543440.9
9136100420,771507.3
1924069115,863097.2
714000155,619372.4
904000045,716816.7
3395070640,286785.47
6308000010,608387.44
2695600130,354079.0
3626039279,359012.12
1623089039,286128.1
3438501327,321314.1
8118600025,410908.97
7625703435,849588.3
1807900300,708182.75
1862900360,312696.97
2768100186,485789.47
2524059269,1038440.06
1126059108,967711.4
7856610130,862186.0
7203000200,243478.64
3630120700,766716.75
1612500090,264755.75
3586500620,942618.6
5207200360,454470.88
6675500035,413655.22
1781500385,379650.4
1150900080,825395.75
9541600355,1035253.8
7525530670,758499.0
844000375,324559.9
9578140180,352259.4
9558041130,336891.12
1788800910,198684.1
9550200225,527065.0
8643200055,260104.38
6143000020,273325.1
8941100095,1086850.0
3630010020,411551.5
2895800610,324896.03
822039084,866447.3
5423600080,569739.94
3992700775,475997.5
3816700150,436722.3
4083302485,743493.8
5127000810,336101.56
1725059182,1225274.2
9485930120,398126.8
293850040,606368.7
8731981940,316925.56
3330501545,311270.22
1026069061,714891.94
8121200710,522229.16
3764390100,425334.97
9493200010,342762.4
2902201301,660938.8
3444120130,496262.1
5256500025,483827.88
4022902715,580375.5
871001500,724324.7
2329700440,201140.83
1773100275,218687.75
7852160070,934373.0
2141330560,601963.4
2505500009,674087.2
8647800150,326591.78
4337000200,237599.83
9264901680,235463.42
1773101050,301418.3
9320990120,345281.72
8856960280,348167.16
5589300585,285103.06
7935000595,943808.06
7203150080,654571.25
5616000030,317099.72
825059178,3029611.8
6666830390,797318.4
8732900840,658359.4
2095800520,513205.6
1771000760,350855.03
1901600090,387647.8
8857600680,207402.16
4038700830,612118.8
8956200070,403165.3
8081500050,1888642.2
567000755,431734.03
424069264,734105.44
1564000410,798726.4
2817100910,367485.75
3303960080,925022.1
3340401535,190554.67
1622059095,312092.94
3278601940,360198.84
7202380120,446796.2
745500010,808083.5
6608500220,392387.56
8024201055,391073.16
8929000140,468663.22
859000160,308797.5
8673400061,408648.8
1269200229,1365645.1
6705850300,735818.1
3395040550,270539.12
1697000370,208378.7
5245600120,234965.2
8892900180,228210.0
1794500360,843785.0
2025049192,657080.06
1930301325,937323.2
4217402162,1411723.8
8126300410,550250.5
3345700215,617870.56
2887701420,444012.03
2887701251,430410.97
4036100175,657395.25
6762700515,1131108.2
3192000085,182166.3
226059096,1277484.8
9238900855,598979.44
6706200130,319778.4
2744000010,280582.72
7202271060,661022.5
7923200150,571822.2
162500030,323105.16
2571910210,281021.12
1523059105,327812.78
6052401215,247346.72
6626100260,715514.1
8925100115,1254884.5
5459500165,654015.56
7686202635,172070.73
1118001370,1412439.1
122029066,424496.12
8039900130,333960.16
3262300235,1284837.6
8860500300,327790.06
8956000250,558501.8
1646501920,554309.6
9284801500,428908.44
1442880380,474015.72
1311500020,248388.02
254000695,336752.28
9477101280,397555.75
9510970530,652129.25
6891800500,517568.5
9407000230,293929.47
7202340590,725232.56
8151600590,342724.6
9407001600,279747.22
1771000690,322938.3
1525069134,1046605.8
8645540040,297422.06
9414500200,469017.1
7883607645,218825.3
3845100140,342999.56
2726049164,469263.84
4340610040,301270.3
1245003006,1152840.9
1105000373,257732.31
6083000123,188934.2
1777600450,643260.8
9558000100,429365.12
2473002060,318066.8
943100689,362540.25
7544800395,421024.25
1931300090,665031.0
7936000252,566923.9
7987400316,199502.34
5152700060,697258.7
1721801025,192744.19
3438501450,283926.7
9222400510,394089.88
1796700160,266941.3
323059208,374996.1
3392100050,204353.25
4038500210,694488.0
6324000090,396890.72
7549802535,426759.56
3343900326,456316.2
5701700640,875659.7
5249803185,581263.94
8838900032,813488.6
1237500577,935934.25
8642600090,346761.3
3303100075,461926.84
2133020020,360181.7
7950302890,528644.94
2770601734,637330.94
2538410140,331149.97
8159600360,571159.94
917000300,415241.38
2391600330,382900.2
9285800585,472552.88
2005950050,244281.27
6450301835,331287.06
2473480520,321429.72
2818600010,1326717.5
952006728,324337.78
3422049088,315553.56
3629870420,935739.5
1079350090,332099.03
1509500060,386786.62
4039000050,471967.66
5288200230,742162.0
626400020,761981.3
5457300095,1591465.9
5000500055,221254.9
324000530,472059.22
6713100031,435502.97
3316500200,545307.75
3124059006,1402372.2
1125079111,1644896.5
7852020300,450371.38
123039364,228115.52
7883603190,269176.72
9828700900,646425.25
6821100015,657224.2
9522100375,735525.7
2420069201,251234.58
7504110330,763434.6
475000510,579565.8
2425059074,886442.2
7518503685,456758.44
5466400550,228040.47
7852150720,444806.22
3066400140,617970.8
3298400470,534114.4
2902200874,750538.1
9500900110,226848.6
8835200160,332780.3
6056100295,264818.5
1858600042,340854.4
7224500010,331323.3
5457801925,818412.3
7575620750,278556.66
2391600735,520209.56
6192400180,778297.6
5249803870,532195.3
3575302880,397212.56
7225000045,204160.55
5561720180,284106.44
1972200428,532386.4
892000025,183914.56
2944510080,286097.56
2428100100,803815.2
6647400250,475813.97
121059038,398242.88
6398000191,514688.44
526059103,312615.8
8856960720,324746.88
3832500260,268146.12
1623089025,482543.56
3625710080,1230277.6
6446200060,698385.6
5706200370,479181.28
5515600088,241637.38
8029500360,330905.28
6700390150,247508.42
642500080,419549.06
6150700264,357617.62
2473371780,383586.97
3905120540,599007.8
2652501215,741537.7
3176100110,692148.06
7574910650,786748.3
6385800030,304291.7
4443800960,507506.94
8731951490,265193.62
3380900125,350072.84
9828701508,655872.7
6699950310,360194.06
3321049112,439511.44
1824079052,972315.4
8032700140,888290.9
8679600150,602609.44
5040800120,918308.06
2026059119,408349.88
4024100951,440038.12
7212650990,307655.34
936000060,340326.75
6181500340,337974.0
1137400050,412618.34
3324079092,451582.2
4268200055,296671.97
6145602240,391858.78
475000176,429040.0
3279000120,230752.56
9392200030,269660.28
3438500714,360135.28
4306500070,363363.38
8588000610,185977.27
792500190,356549.06
2461900850,424991.8
2660500365,359175.88
5451210100,882888.7
2787000040,345919.44
3278602670,193600.83
9528100899,603724.7
1324079085,323338.2
9477001140,394824.6
9521100880,735634.7
7853210060,416427.47
1326069094,439385.7
3420069065,392393.97
5468730280,262675.0
5437600140,338957.97
5127000410,385683.5
5445300050,567923.5
3375300360,256731.92
9297800165,598982.8
6021500840,600481.1
4323700230,427218.03
643000110,256695.9
8043700105,2790185.0
6824100014,408609.28
9542830480,316950.2
736100065,1045041.5
2592210510,909697.4
4233600260,1126163.4
1266200015,764962.44
2787700060,360069.4
8843900396,393295.62
8029500380,283720.44
5292200010,410572.8
1773100980,341060.8
2886200070,588378.6
8594400110,346492.4
9268850180,331728.94
4141800285,1567892.0
3188100007,441635.94
1796380960,269024.03
7202330030,488893.88
8078440140,583818.9
7983200060,210838.12
4427100025,428188.88
2113700510,320209.66
6446200305,641174.7
3425079088,541206.25
3304040130,346715.03
3222069153,301059.7
5127000470,365272.3
7525100520,399143.94
1868902745,858211.2
2920700220,335470.2
1105000780,394314.03
8563080020,872756.4
3630090110,779621.6
856000195,2076630.4
8649401000,212160.72
1315300095,739569.25
6802200670,251973.92
1523069022,350700.88
2624049165,469024.75
1972202080,518457.1
7211340030,220065.4
8850000180,409253.16
2787250080,516037.56
4235401055,529036.4
5226500250,519804.7
3294700421,315942.44
322069180,674143.6
1025059186,513296.2
1923039022,612935.2
1402600110,376183.03
6817810190,414116.5
434000030,631975.94
6056110460,635534.4
4337000285,234846.02
5710610250,597287.94
1049010620,227925.7
5112800234,390653.5
2309000060,542680.44
2985800030,497237.6
1604601570,379876.6
1563102435,743352.44
257000105,176239.72
6788201440,833824.0
1442300005,406565.72
4055700784,865141.9
3889100029,814763.56
4139450760,974874.1
6079500230,661892.0
259601010,403172.97
3980300020,328902.84
9390700100,523710.53
7200001005,434767.9
9264920250,261341.9
8682260470,453436.22
4083303815,824011.6
7383450250,351368.06
253600180,428176.06
1450000210,182123.9
1133000100,444596.66
7511000050,1219580.6
5710600030,560093.8
4178300310,751320.06
3041700570,553290.25
1238500978,418235.4
431500155,637749.9
2937300050,968247.9
1352300315,204733.05
3277800823,328949.53
8895800110,1070970.1
9274200318,548215.0
1118001805,2260714.8
629810720,815015.56
6852700476,569434.0
7345200650,229900.4
8929000290,409099.06
5506500170,623662.7
8899000140,244724.17
4006000423,292322.53
7137910140,237990.88
2423020010,439093.44
40000362,172365.34
1657000070,229859.62
2124700015,329313.3
1887500045,277856.47
6838000170,451737.44
1310910290,291391.47
3599600276,225953.94
8142000080,381000.6
8856971000,273888.5
624100950,750498.94
2767704332,476749.28
405100165,405353.5
6117501755,429022.0
8961950410,320599.16
1523550480,607164.5
6840701160,585821.2
3331500650,302883.16
1862400517,350584.9
9558021000,366582.47
1310800090,215121.6
5104511040,365054.4
522059189,228222.83
3448720020,394557.25
1310700330,284430.75
5649600462,307648.56
1853000510,1037911.7
8128700005,353391.38
6352600210,817307.1
3754500010,783044.0
1962200475,889500.9
1773100765,208480.53
8895800200,915102.94
1310900260,327391.34
809001525,956684.06
2624049103,309363.47
9191200380,638837.2
6600060120,454697.25
8150100045,252937.5
9558010190,367487.8
4038700930,593458.56
2883200775,589572.56
4036800910,447884.47
8673400177,551712.56
7110000068,884729.3
3279000240,238832.28
9545230280,562159.2
8815400105,604955.06
6738700075,928852.5
8732030490,295502.47
9532000070,572409.44
7752400075,488640.56
3824100051,380380.0
2768000270,520128.38
108000127,560652.7
844000225,277177.6
6817850040,852642.25
4447300137,1070165.2
8598900125,360487.28
5072410070,503614.78
7129300520,227631.73
3830210020,194098.14
4137040250,288537.88
3022079080,701218.06
722039087,221196.08
3924500040,722850.1
2473381090,351736.78
2201500490,359257.4
9265410090,215629.6
9286750100,407907.56
2023700040,732176.94
324000280,678837.1
3814800280,386003.47
7697100030,507740.4
8731900790,336075.4
8044700010,575003.25
6123600100,196718.19
1450100390,186151.5
579000550,466868.9
2459000020,330429.9
5016000315,456510.66
1193000190,810729.75
4038700730,575747.44
1556200265,715215.9
6600410170,202170.03
642800130,710631.8
1043000100,391091.47
7809200055,249507.08
7010700308,1027299.56
8680500090,526143.3
2719100355,648290.75
7905200147,560572.3
271200130,227277.84
326049103,524337.0
8682211030,458666.78
1070000390,1205929.1
8648700450,641650.4
2695600410,436059.06
8562710640,1021833.56
1525200060,629082.1
1822039138,806598.9
2767601375,529268.2
3425069117,1584937.2
952004570,321580.25
7625702616,313635.94
9818700430,473624.72
2822059091,251497.55
1775900220,345760.84
6371000079,658730.0
293760150,944806.1
1336800880,1294752.1
2771600550,1103114.6
3905040040,519103.25
7787110060,458207.72
7708250040,358971.56
4022901316,501220.9
191100235,996688.9
7852050220,350779.5
3293700480,384899.9
2597450620,1348641.1
6169900580,1508228.8
2767602855,761883.8
810000080,993978.44
6392000625,569757.5
1865810290,227244.36
1568100380,351341.22
5249804760,343369.75
1337801060,914030.56
6181410950,194782.3
9264900660,311176.06
9122001231,603757.56
4427100030,379450.12
7334400070,330863.5
425079001,587051.8
7436500360,513737.22
1245001295,726984.7
1310500550,296477.72
4047200950,281021.22
9103000455,852428.4
2291400341,312452.78
3876100310,422053.12
7131300031,265598.88
7853380510,673474.4
7409700215,805280.4
5248800250,354911.56
126039323,406257.22
6632300207,336261.75
3826501060,255027.77
8024202520,421656.3
3343901401,477193.53
6431000005,603526.56
9232900075,329710.22
3056700150,225197.38
5104511250,509185.8
3658700510,626514.1
2895110062,362333.4
7454000990,263358.53
4038700680,644135.56
7811220070,602887.1
8091670030,364331.28
3438503045,260324.58
6388900710,519859.3
7956300020,188595.72
1775930440,493826.75
1762600190,914236.0
6600400260,211552.36
8728550150,613217.06
8155500110,592199.25
9169600135,508835.2
1777600490,658031.2
125059179,548272.0
7558700030,5296390.5
1702900624,368848.47
3343901403,561601.75
5101400994,375521.78
5547500050,278809.88
1705400350,321398.9
629810800,888631.0
4104900150,512757.78
7888000390,201191.86
4140900270,380000.1
6649900030,402758.4
820000012,406177.97
6151800080,391709.9
7454001060,233664.34
8682262330,424336.34
1566100010,387241.8
1180500070,427810.72
1112630130,413081.66
3101500090,361746.75
8682310220,715694.75
4032500035,549593.1
1623800440,519135.4
1088400190,258469.48
751000080,383855.4
6675500070,407860.72
2193340140,559868.2
522049074,381418.0
3204500340,281867.7
5104200470,429812.12
7517500611,687807.1
2946002140,285428.66
7631800110,1140859.4
3529300330,339085.72
3885801970,653357.1
5456000570,1174779.2
4123810090,375370.47
4037000635,520847.0
8079030350,475041.22
1726069060,685389.75
6858700225,233148.81
3356406510,228962.27
5423030040,601427.5
3111300040,451632.84
259800060,494434.12
1972202320,486475.4
5100403818,364695.72
1422700040,220711.25
3625049014,2824942.5
7852011040,610450.7
1201500010,681035.06
7195800009,275732.62
9407001320,271304.34
9508850100,631947.4
1328340380,300249.0
3885804305,1003313.9
7128300630,608058.5
7574000080,434216.9
3744000150,484498.0
2607720150,517440.9
7203190110,709533.75
3904902430,673449.56
11501160,783804.9
9209900315,537315.94
9465910030,552712.75
3622069103,679024.94
3288301010,456718.94
4395600060,948081.9
7694200380,328171.25
9552700550,705565.0
9264921110,286231.4
6738700225,1114899.2
293620220,834859.5
7525300310,623798.9
3992700036,410070.75
3577300040,450964.4
3812400202,205647.16
2402100055,717401.94
1853080790,835025.1
1994200260,652705.6
1339300025,908976.94
7616200050,541581.25
4022902555,682285.1
9528102110,660419.25
6613001241,1661357.2
3205400240,340861.4
6065300840,1551225.4
7852040080,494937.7
1920079039,265590.97
2817910030,438560.38
1563102880,739838.56
8561200110,546729.2
629000605,1260862.2
2781270440,240801.8
6152900273,327247.03
3303950130,381981.66
6411600113,356260.28
4055700167,793703.8
291310310,516053.4
9523100550,845420.56
724069070,1080764.0
2408800120,344910.12
7559600200,661323.8
8165500790,357904.8
7856620870,874536.3
1588600040,373883.53
1023059246,490927.38
1938000140,807868.8
6061400160,396775.28
4167300350,264864.75
8649400790,245604.08
173000036,342545.12
225039049,616074.4
8043700300,2835460.2
3834000400,400320.3
4054530260,1850880.9
8724300010,644346.2
9358002232,357557.97
3298700012,250419.14
1125059071,921562.1
3885805300,463369.53
5315100784,1107622.8
3861400030,760164.1
7202340010,676514.6
7272001805,321875.4
2781250230,314794.62
1042700300,873662.2
123039279,183607.3
3760500336,1562541.8
6979940100,794865.25
686300880,622550.75
5214500690,420713.28
6021502250,609058.5
1320069223,330664.28
2871000300,772120.8
2724069117,449025.0
1159400220,781751.4
2571900380,268192.62
5528600050,392313.4
7686202730,150436.94
2225059118,861352.3
2558630350,445001.16
3655400060,428268.3
9558200080,319202.28
1796100015,630717.8
3378900020,458107.78
5416500040,311040.56
8856004582,199047.83
3812400107,422335.78
6126601445,514182.53
2997800021,486382.47
1211000280,368439.62
766800090,250325.98
3224079005,337281.28
619000100,386508.9
4319200620,333241.34
626059335,516537.2
3340401570,375164.28
7015200800,658024.75
8106300510,473076.72
1446110020,416982.22
2872900280,644703.6
8965500320,796272.8
7853300070,494626.03
5652601455,714606.44
7579200915,970043.9
2641400160,380008.6
203900460,385966.2
2998800040,617980.0
7519000170,613060.56
923000425,794258.94
2973800030,200929.36
6430500182,1116540.8
7304301010,387839.56
3861470110,2068400.5
2296500136,730844.2
6790950150,785392.25
8123100045,495016.03
3142600130,674968.9
7137970130,313370.34
8656800190,357478.2
7135300046,266293.06
3629960680,463355.97
1133000385,833829.4
1085621960,309624.3
9542802000,199271.9
8151600973,533668.8
7019000050,365412.06
6021501920,607510.1
7399300420,242171.92
7548300731,584541.2
5316100220,1101448.2
5152600090,264324.8
1703400470,386339.47
7316400070,292123.4
5561300380,482890.56
2215450100,331267.62
8635750330,637817.06
9492500140,862039.4
5315100393,713997.6
8588000315,208404.42
7524200180,237724.52
4235400255,398186.44
326069131,684736.1
4077800026,876852.56
9477000120,374514.38
5608000590,982824.0
4137050130,289881.75
5249801440,316074.88
9264901510,271145.0
5437820250,208820.64
200500410,489505.12
9407111100,280555.78
126039252,404291.2
6141100255,426925.8
3013300830,374029.78
3271300955,851768.56
3021059276,270450.9
9542000050,695954.4
2769600035,799188.56
3824100364,469766.78
1726069202,367448.75
7327500270,384412.0
1189000207,440301.2
2472950160,276222.3
9558040050,574080.44
3438503120,336114.03
9407150240,277360.8
1370804295,634460.1
5700001100,642788.5
6837820030,372759.06
5411600210,793016.25
5061300030,310239.7
525069133,1014945.25
2121000250,343211.8
3179100720,601446.7
2780700050,457589.7
1545805820,268776.7
5702380630,258234.23
9211010260,541345.1
7129300595,245803.67
6802200100,245310.42
3304030140,402710.97
2623039019,1041990.9
104500730,206378.69
2924069132,637183.2
1775500310,653271.4
8114000040,340924.2
2011400021,361108.06
7525570020,709019.25
2917200615,415945.88
7697000170,288169.94
7871500070,839820.7
7215722010,513960.2
6300000378,505030.47
7159200005,2245346.8
8946410040,415817.72
3893100327,392942.1
635000009,963322.56
2322069116,463466.75
2760200050,377774.16
3432500210,339989.8
5700000245,587336.94
7588700177,281058.72
9178600135,733637.3
9830200475,480160.4
8562780160,319660.0
9826701665,530057.6
7504010900,645415.1
2770606915,525550.6
1254200075,653358.3
2473450430,438201.4
1433290010,427043.2
7586200061,361096.5
6841700070,569907.44
9826701320,514154.3
8943600720,287340.9
6791900260,775765.9
2301400640,738209.56
7979900210,384095.38
4037200665,403717.7
984000650,308593.5
2937300060,920055.5
8731982190,246322.14
1445200190,254981.31
952003285,779159.44
1402970020,405960.44
2487700274,453224.7
8113101670,404870.56
8682300400,649392.6
809002435,757460.25
4045900147,590397.94
2991000400,283010.53
9456200405,210476.45
5104510370,299380.25
9414610240,515502.5
2111010760,368115.25
1854900430,653158.06
2624300080,862530.5
3645100280,511504.72
1433100010,249875.66
9533600100,1156107.8
6743700030,517271.44
9294300070,703951.0
2114700540,277550.34
7853280550,685161.1
868000175,676754.5
1446401290,240131.73
9109000050,330843.84
8856004327,255584.53
2329800110,261891.64
3031200230,364848.75
7582700075,1577804.8
2422049104,182096.58
9274202885,555062.7
1770000090,399391.62
9500900430,242575.53
7305900082,365162.9
3336000170,411767.0
5680000455,754850.75
9808630210,943088.4
8807810110,492557.7
3824100211,424488.06
3423059153,633948.25
3937900120,488783.97
524059323,912089.4
4305600250,550248.75
1257201375,598142.06
853600150,1314215.4
2424059174,1774699.5
5205000400,302632.12
2658000115,171083.1
3055800020,284364.88
357000025,627174.6
5666300010,360680.38
4167700210,241349.39
9187200275,744148.5
2960900040,414651.16
1021049022,258843.7
7750500120,223655.45
7153200160,1176579.1
4406000390,283492.56
629800380,1415665.0
2026049125,282568.47
6117502230,2156698.0
3379100130,489707.16
2472920140,425916.62
7214720075,623629.6
1771110070,332533.4
5127001600,311378.62
6666860210,337359.62
5467200055,344442.88
7819000040,356633.38
3790700070,287125.84
6362900138,350832.28
597000593,368190.56
8032700070,698248.9
9301300215,1148625.4
8902500118,372131.4
6607000095,390386.25
2163900081,871117.6
7732500270,662208.5
3856903515,698380.5
2557000400,276615.38
4386700135,1989215.5
7399000360,303299.72
