id,predicted_price
2591820310,361723.49478008365
7974200820,876372.886598302
7701450110,1149179.696208286
9522300010,2101067.7744521243
9510861140,666677.9615617245
1761300310,248387.63203264071
7732410120,805256.7755472073
7010701383,626055.695902399
291310170,403607.29212714295
4232901990,510477.6273781069
6840701125,618633.5924617836
3971700580,394235.9236474277
4202400078,245618.37135855987
6064800090,313248.37199146923
2626119028,248281.975260983
3303980660,1110742.378857253
862000020,842439.6130618334
2386000070,919338.7069447229
1138000450,382601.60836997296
1775800420,451062.05102605093
2291401425,425304.7634255204
2025770560,981926.9555769676
3525069037,662005.11028393
9324800450,573344.9831728913
8080400136,540367.7349650619
8651540040,486262.2183811191
9407001790,230729.2614317151
1773101530,276326.433742071
9432900250,329982.03571486374
1794500695,562441.2436530165
2220069003,348698.6975726278
923000120,441442.39323524147
5728000060,536540.112782578
16000200,237085.87864847726
1926059094,428009.29691832984
6672900220,1060212.4652271345
3629860060,837033.5980920867
1822069109,434276.63470398553
6675500105,382442.6659408245
249000180,1711766.591573706
226059065,450582.8158728262
396100110,287953.4524146228
9264450460,343040.9394330734
7853361210,393873.5188050916
9474700020,270628.95849696535
421000455,229728.2534907972
3755200220,404086.872095536
7960100075,461964.1669626928
9477100490,388943.854853412
9138100350,759689.2368775045
1624049275,482982.4928482638
2770606890,444117.93253303
1157200189,438951.5613477635
2770601800,504807.5439608991
9301300805,525823.8858756938
2325069032,1217200.8054378044
1021079099,324613.63724230876
7215730040,729050.1788955698
1853200080,457856.0067132737
3224600340,722216.8488133884
3222049120,444348.7538648574
2113700025,261455.1485763006
7893207925,201278.21413969068
3586501085,576432.9454178252
8024200010,407822.23423059285
7116500705,171425.50421617803
1598600209,312550.07511985686
7204200025,754243.2569339199
4206901505,572540.9287533
2937300440,916680.9285479668
7205000180,331620.8028498222
8718500665,372558.8888071937
5318101765,849112.3499945548
4122700020,913499.2054115544
8078700020,515722.424145982
3303980680,918869.9060019851
8924100372,1203296.402797253
2781270210,212224.50006265336
519000043,525219.7793288091
3225069301,1337027.9965335845
151000075,751089.0198360103
2297400020,432343.4832945048
6617500085,625245.9061669342
104510180,235297.06177250127
3528900060,1020539.8418579515
3345100286,542217.229079014
1226039130,420400.7561682478
8712100720,803630.6699944107
3037200010,429891.893558967
3626039268,444218.6817190525
104510230,238741.36851682756
5112800060,435719.63095481833
6072400280,644450.6053155067
5317100570,1094392.085728444
9528102993,560696.329789689
2919201095,489517.7823555089
6181400920,251652.7794715549
185000161,248354.42146076288
8691400010,713584.0993794649
3345700165,545429.1968509807
6151800486,225518.7841615121
4340000080,1283072.8323412111
4136960010,561032.0499805358
3634100030,312747.94839432987
1624059224,1091890.4221521644
2788400090,252123.50462683293
9828200762,499616.0454994125
7524400250,532291.804285435
3528000290,726943.0710747122
5700003630,2382711.9078722717
2720069019,301058.8312025053
7227501170,234743.95740391506
2397101270,539132.1176574897
6792100090,720665.9541782739
2770602265,530681.1272937922
3971700937,287450.6943774231
422049203,231929.83030412492
3076500830,369241.3922789491
1423400260,289552.15302922635
9161100795,429514.43041119806
3126049052,483005.66829881247
5100401468,389197.6071430113
514500235,424201.045439685
1423200170,187182.96588107263
1402100070,411124.4215214644
624110020,779408.2167981865
2407000145,202477.45677063894
1890000225,891904.174073468
1320069271,316378.96437413234
5490700085,364035.78466958954
263000155,493158.77465371473
3726800201,428574.6673788615
5153200358,341971.8592236037
2725079018,770391.3123083927
7165700200,268459.09772065096
9429000170,573529.503459716
8718500075,379999.95444747974
1760650950,314017.96266340365
1068000559,1237233.5671930304
4113800500,641136.9732702042
4077800507,530872.0553300246
2725069150,762409.0192619539
4008400035,665410.7831582674
7016310270,419775.40332035045
1432701230,226325.01815538754
3278606050,337912.51725080574
2473350710,379402.96677553834
2185000685,171079.26056074986
7792000025,419339.2273542792
6868200029,467750.5497605766
624069003,816481.2728820208
7431500280,828960.2343327443
3296000040,530659.7458839861
1118001215,1642705.9721208303
6453900040,668551.2955657213
333100209,769252.1949029041
34001765,584770.4212106529
8946700100,378932.7462113175
5561401210,554643.4978871085
6671900095,372807.8411478816
3275850020,689224.9783929377
3876300600,402843.6245969469
1450900020,263671.7522497656
8562780280,324422.90535737865
7663700973,310255.62806750677
2126049032,353320.07070037804
1823059159,195850.05571803008
3438503426,252308.55364625013
9297301495,511000.5225717481
7140700850,377869.7913491941
7942601805,745200.0902955182
2555900030,362816.31623223727
2887970040,260093.536622459
7419700010,663137.701957926
2239000011,375083.6213409192
9283800050,352434.4725812071
9407001340,253735.64163365695
217500140,537207.9877517766
7212660520,252954.85300509198
3298201170,363539.4711375467
3057000400,281181.32606620307
6865200444,490069.14091606345
6071600340,523796.5152863898
6821600005,693916.6813721925
1235100371,756864.296900237
7796450340,346741.44999463303
3603000410,195688.0222474638
9297300255,556517.7793343749
9126100850,533614.3574090814
2770601462,502872.30181274243
2599001500,229323.50159337604
1102000095,806683.7857267169
1853080640,922894.1659838422
9551201585,1031214.8806127876
3438500796,340861.96340486465
7518504291,485846.28961183294
9269200340,407854.3909759422
715010130,1580066.0886736265
1982201485,617449.0840929119
9526500080,379311.3039760123
9277200180,454848.83670654707
6669150280,298127.22550366813
8917100153,586697.0699742596
3760500516,1135003.5299136003
2725069050,999907.1116370853
3332000091,326322.91744961747
8562770080,597520.3464907119
8151601190,246713.39644706415
8563040160,602816.489747963
240000269,725768.2598684784
4307350200,318913.1679563847
1311910300,278248.71596604603
3574900030,500245.5662407676
7853230570,431740.5716228341
320069049,362696.9301895792
9839301060,691110.6899057429
7011201333,625087.4591593557
2781320100,271454.7280998046
3421069120,426660.4753177445
7852030320,452434.99748860113
5316101075,2370994.3197065433
5309100750,524786.378447781
629000730,745428.096472958
511700170,293674.23826763534
1562100030,536863.4976533436
2489200230,589629.882893251
524069116,523892.865369071
5315100737,971677.0895246859
1868900675,819108.744029707
1608000120,347308.73414744355
705700240,365892.7999956528
7575600610,258103.07213128923
1778500015,742883.686654751
5423500240,202218.40111572843
6713700025,340506.01019963395
2734100734,308117.6597626701
301402280,216303.9112831784
2113700205,272283.6998865739
4114601570,2783202.1086096144
3332000615,361988.03834543354
3630050180,353081.6891361171
6852700520,526520.2232354428
6870310010,625739.396778382
6163900981,339698.3192005728
393000142,381693.8160492235
1771100130,341996.1128399567
1442860160,386429.97038024047
9191200435,563179.9063200138
6788200800,990562.9824658466
1115300070,629430.9598654617
3176600105,715993.8013632739
2770604665,571015.5452215202
5469500580,421179.97826404177
5680000545,568473.9597303842
3424089119,506650.2485819175
1328300180,331863.8055005593
1773100922,343836.12789509905
4123830480,336751.04759246856
9808610190,1057840.4353161503
4250200140,280053.7805551846
4217402115,3609547.874497629
3831250350,385461.98163310444
2397101055,774984.7593827839
6817850110,828123.8823962201
7526800200,620464.1408858792
7853370100,640780.577993453
2523089025,882773.9723960157
9476200680,252015.32704227886
5714200140,405827.20549234864
3575304895,578371.2716962418
263000018,422384.16935213335
8080400177,541938.8318921922
6450304130,319276.7357877971
514500090,555536.4162636693
9477000300,417565.27235610504
853600310,1376353.3217779575
1951600240,209490.38624784764
1099900120,340788.7662088405
5323100120,519273.88630318
1223089016,404982.32645090483
522059172,250642.6792225816
1930300190,748545.1273300247
9542840410,312153.54566709086
8665050530,491525.021516448
5592900205,361845.6290559508
5450300010,612249.1341869141
2459960030,336795.05627989647
3331500455,563604.3751196974
3432500705,395277.1661027257
3702900165,339432.7332215776
5249803550,556932.1848605952
626049058,448703.4350394299
1788900380,188422.14423020816
8075400360,217534.5830679353
9113200250,733646.4383468444
2738640040,736347.6891761327
7821200307,487093.12370039185
3530440140,229567.66442458535
3582700130,434069.95706049225
9276200569,734632.7478138236
7197800020,603678.9265290252
686200490,521017.8772061967
3501600100,377827.86410286376
6383000690,575231.4078892812
7604400150,377483.0098720122
5249801411,692878.3380801778
2607720420,449697.4557362773
9561100010,393338.1923470845
1796370590,253957.04745322163
4077800593,378926.45928187796
854000165,241711.402245063
5536100010,768136.9072332343
4188000670,827357.9011473639
31000165,1558052.1127366687
662350050,943566.6886242995
4137000280,267815.5535500897
6169901130,937267.6833584369
1953400510,259203.2450547754
7518506716,1020543.91185625
1552520010,357586.2326877084
7955080270,318599.83397734194
9212900100,539299.6252627122
3438500798,346687.9754581363
7899800890,230777.31518934658
4319200605,464501.3317861353
1329300480,380858.4141425096
8935100100,745029.6771759244
5016001260,381049.0879813302
4337600280,302692.1724914338
1446401220,194556.57022534602
7135521530,659713.4227677416
6888900115,276092.6521274955
2413301070,279349.0146213411
345700040,262344.23438926245
5566100145,497446.6206685493
7634800070,352106.34800089744
9346910500,612274.4080421032
3529300060,299109.79622469406
8128600060,1224863.851232182
8572900275,189182.58928254276
4139420590,1372904.7284565908
9274200322,607155.5476083435
1472700200,537812.2832669137
8820903380,488187.3507149138
8563010130,862968.6273885843
8965450110,882544.0103841459
9274204230,489221.6249097618
8165501700,358437.3266253228
2193340260,482175.734776176
1860600290,832554.9079126804
1222000055,177592.16691654915
2492200280,468651.8596040713
2488200455,384837.9567372429
809001520,1054162.0127603943
1796361140,239007.73213383366
6398000011,661659.7043711188
6813600365,592650.9785020165
7504100920,794935.4839313665
8835770330,611545.5539315415
524059322,861580.8825919358
4307330280,395000.7522939206
1245002952,1037835.8621894526
2021069059,255356.11343179794
5700000595,682892.9458872408
3629970930,745299.4678199438
3336002215,277873.0142699342
5100401060,635647.1895136192
3278600750,308050.57602127775
1126069045,867189.4346423297
7568700175,326607.21731709776
452001475,482903.15886573907
9283800230,459438.389726971
1737300130,582572.6937052312
6189600040,482407.47441804636
3679400025,441769.1113111289
1096100010,315815.7399991404
9513900050,245910.23570735025
5452800645,762152.7479662717
273800100,249781.01319279202
7228500037,458923.0106459946
808300090,449232.1854437045
2493200215,572385.2372225554
5035300255,765842.9623551519
3380900160,387100.8526417811
3630000130,402766.4139457492
7300400670,294323.89861374313
6798100070,361560.357397696
8078400010,547790.2889577054
5566100060,512447.16383746226
2768200212,506878.19820568647
4035900060,551468.6691330809
9460000110,369912.5530543112
7199320190,569905.4557435529
2225039081,486102.1798359483
9512200050,543384.5215824209
2634500085,325783.69769186585
3654800200,288241.6788435336
2724079090,1272877.705983278
2597520720,787039.8487687327
3034200426,357297.3136835261
984000130,294957.7951337171
7852020670,455936.6561239989
7923500060,691413.1839576832
2310030510,287688.4560197393
2205500540,465041.6910094098
2493200015,433953.18372292793
7853361420,560926.0656834722
5652600605,563565.6957092972
5285200020,292887.5922970536
9406530150,355662.3989577396
5706300020,479063.91985869745
3278602490,383581.616047857
7197000100,497555.58975670143
4447300008,525177.4523964544
7899800045,238018.19784982054
9250900095,310467.55460787425
9268851740,649248.6302537547
8682261440,505654.8904888204
7284900385,841189.9413539374
8079040300,402232.0330412562
2225300585,394284.53639109177
3223039013,461530.7538697185
2013801350,253890.72134477075
4055701110,810704.2015666637
3578401770,428760.58939672064
4046500720,576946.9869482005
6145601745,369256.53807042947
5207200195,640631.9108227938
1972201856,540708.8041630462
7212680080,249194.80422761117
7277100510,649887.9861419466
522079022,539359.3540774828
5605000440,915627.7731424503
6632300230,369035.427542105
8815400165,670542.5194522867
6708200320,498486.75242007
2426059076,582612.8385138379
3260200200,594915.9725410647
2770601741,454072.68956798315
4338800500,232032.63710917454
9201000320,709738.8149614466
7655900038,339787.07617899345
3625059140,542902.1540359401
4222310010,185669.14343489488
2114700115,279235.2786049
3291800710,324639.7023004798
9406590010,379588.55969796446
3025059124,2495169.4998964607
7972601250,392339.6488622042
930000470,994263.3459272408
6690500060,495491.8139916543
16000015,199733.23282706083
5693501102,578740.4264588642
8079040490,425902.16512644244
7225000155,329833.4569060654
8819900170,764973.0280039787
7972601270,306925.25760837214
1224069074,785489.9181024267
5126900321,343064.9222022158
3438501860,268427.95977926796
2822069080,425045.14966421446
1656600310,581559.5350789218
3856900507,1092930.0305625773
1626069139,488478.55916379706
2524049257,1211474.6422259135
3904960150,534033.2203956244
7214820610,462469.94146621216
7977201845,535373.6517866432
2428100080,823369.2418681781
2202500135,464004.4956568618
1523550220,684737.6380832052
2313900610,449856.7220797927
4123840050,375537.6079849358
2125059124,1035080.3223263801
1225039067,473338.4136602105
6431500283,485406.68738029397
2473380010,308028.8861958578
5694501195,400748.81913535506
2881700046,372988.75051051716
6837820330,323382.2122141266
2337300370,188507.38583125785
3876540630,222262.38775890064
626059317,360817.8327987342
3374500520,351827.5966458031
7228501903,381905.92234654183
4019300051,498838.81865160423
4232902615,615309.248696271
3546000090,245963.30334229287
8127700215,787132.396471333
3438501100,367175.46413132164
1769600066,668345.8467063933
8146100610,635000.4177527311
3052700695,569711.0376437133
7954310210,605850.9052930152
3761700053,2288171.875271721
1320069179,341365.42685154115
1331900410,782239.5680557019
7303100210,332455.35637233534
2464400285,473040.64958978666
6163901150,363054.2955155141
8955800045,307932.9957020611
2314300200,405804.68728005595
9528104360,385974.3096800002
4177100005,573451.2798329464
8856960260,324795.19739421335
1828001220,629122.7665503623
3066400710,685378.4448874558
624110610,884292.7479899353
4040800260,431410.92818960035
5019500215,525150.8085075094
2481630180,1294712.168993101
7203170190,729543.4371709569
510001280,913114.8305737785
9430110120,783066.2541526364
1565950030,340400.42438990006
9828202255,760468.4894415519
3878900270,425044.34819322923
8091600080,196783.52351216658
1112000035,316284.4500742132
2228900270,299317.78709237487
6648701740,284505.5384119899
1245003740,614554.1613950925
2174503441,535215.4558757175
7708250010,313628.1737155126
6072300110,566047.49257086
2329800140,261832.99657560882
1494300040,499220.76395520853
3832050130,286687.95122126956
7203100730,864962.2072983874
7199330170,472478.85086390196
7785000220,752151.0002005284
1250201175,389850.58200164646
4054500180,1013538.893986621
7905200061,459900.7279806428
3751604895,188858.29242969977
5220300140,320563.4821381967
3323059027,313465.17373149574
8651611980,875517.043037
8673400190,553360.0032759259
1668500100,826564.9513533793
1023059365,539843.0829238967
3308030060,319886.2443925216
4232400860,902478.3197183082
2144800615,217511.10993553358
1568100920,1371577.0648483397
9406510040,504708.65526057244
2923049421,311325.0642885164
1051000040,1429147.276090937
2077700042,598410.679988137
9423800030,263214.3314426504
9818700455,692142.1074697729
7133300675,378190.5348645339
4113800550,636611.6677246498
5553300375,1411833.387124577
2025701530,289197.0585700319
7942601155,480849.0170752473
7524300020,270146.27730659477
2520069100,332436.32696295314
5412300410,217003.2564934277
7504110760,777469.5539256465
2594200350,390081.56246291223
2722059013,233224.3894059331
8078430480,531642.1435946802
1423069162,452722.56672585
8856001090,182149.39161955507
7000100631,780884.4111345758
4222200280,231844.10406773392
7971300050,638571.8271619923
2009001600,244268.8501707235
6619910140,672257.2133979714
2877100985,514594.9580620211
1196000007,385820.25496966776
1330850130,770309.217019462
6664900410,257199.35811822064
1231001110,324010.4041883179
9235900030,301843.1904491291
9407101840,319607.2928399074
9523103001,402621.39090912754
2149800278,369803.39642795915
7234601198,596721.1257044771
9476700035,401744.1530031323
9297301065,764174.0451384897
518500700,790462.49638532
7843500090,331356.38714368135
6056110780,338551.52179311065
2345700260,336868.5619029561
3509600070,220604.18222766384
1431700280,345634.77918036125
1623049174,259045.46248206295
3024089049,323320.2904215879
7853340450,387329.32915705605
7732410360,756159.1388884268
1446800995,313034.9022953706
2946000285,252413.60274237714
425079100,518191.0885550358
3876313040,436625.3080367371
1762600260,970444.9541270805
1925069121,793759.5279851074
7443000480,877005.904600612
7820000015,348921.4556624632
4027701253,523156.96604031057
2826049165,394569.93171005434
5426300060,772387.1428411072
1278000210,184582.47970336943
923000270,367913.6637987107
7657600005,251621.70836851693
3024079057,407226.35425292485
3276180020,282904.38689936535
7304300760,300479.0936728296
3908100020,546775.9837722692
8835400805,701737.387554379
4051150070,208663.09196502526
3904930530,458715.40333726676
6163900971,373746.7702575613
7942600310,469006.5177122589
4365700330,252631.162564103
423059207,290704.47769861575
3992700265,320008.2435836282
7177300090,468022.28104625596
2540820010,614324.4193115645
5700002510,1036728.1646409846
5201000030,584957.8928153244
7631800015,1732677.1630136308
2922702965,722051.4770438074
1525059198,848810.3375474098
1245003160,710820.2632233191
3810000455,281827.98876222613
7855600080,628123.5080188618
5701500030,1226116.9112205238
7504020400,599518.6679497793
1402600570,302692.94700083206
7575610760,269582.9568943495
8731990370,372723.63598242286
5021900090,880182.7993530285
290000075,402961.81065595767
2841500010,467024.8292541574
3955900830,420083.2113017668
7852110140,555175.5534255008
1311400350,253715.1979559222
7773800015,536568.3353708924
4123400320,513013.6376620973
2725069157,868601.1858471449
666000143,729502.3660592976
5101408678,486963.5431566071
6371000026,386009.96085337095
2024059084,660510.3824228176
7283900036,333152.6076983958
8881900230,750834.6998714067
3959400135,381214.45628544706
7696610270,235767.4477104868
1689400150,828009.8854280508
5103900015,396130.2664713383
1441000350,457321.8543286248
5101408735,320482.42022695945
3126059027,2125998.260656276
2320069014,498081.98165031814
9541600015,662782.5655752637
8682320420,731491.3515624946
1562200090,594085.1773164299
3395070980,477668.2377846115
7349600230,250901.3988823763
522049122,251343.893208687
869700060,274907.1365906569
811000055,1204041.547547047
1221059176,392902.77130181645
1523059103,438483.7645004662
2025760210,821529.822337051
9218400088,298005.886983114
8682292020,448291.6001192643
2623089135,425891.1673206887
3758900259,1188919.7464586687
524069049,532267.0609638811
3121500150,878965.9131892613
5581400080,814138.8281140242
8087800020,448025.3867129307
4070700290,690267.8142399895
3296000170,602316.9476559915
9238500040,528976.0078268752
2744600040,340583.562193666
6813600380,617043.3824989134
6140100150,461851.81501021236
2201500555,451765.32443094015
2600110250,598146.3706169563
4337000275,176410.7768188109
1186000150,521026.9760315295
1972201963,508271.57308994525
1105000745,353677.15341547027
2887700560,573901.0308689857
4039700080,777026.3851455397
522049104,307132.4544021368
4202400078,245618.37135855987
7520000695,179824.4867729964
7714000310,386169.0484939265
4319200060,670032.5168962074
8624700015,572800.7023994542
5104520610,321189.3289358826
2354300845,292207.55033052986
3824100291,482938.36007889535
6151800612,237988.01638448224
5454200080,1031380.3765559642
6413600290,356986.02944989695
2131200065,309446.901170307
1459920010,281481.805584346
50300090,412480.4282682021
2326300090,609648.5105904856
7714000070,380788.5801891155
3630180500,1026178.7165964423
1727850340,1088693.5908128493
8691430330,976106.0886807761
2310030390,264058.2059037323
5561400610,526731.6184151674
7010701016,510072.6986568777
7883605915,252940.49921102411
1282300995,364672.7683642143
4040700310,482954.41866827745
3353400435,233436.73097250427
2143701015,478277.56386914005
255450020,381151.08074738464
1020069017,324329.3258889944
4038200120,500053.61359971564
9284801100,272253.62871909165
1965200075,597696.6830584201
847100047,562224.9058473327
4038700720,539189.3574900316
6815100085,770295.9493842858
2508000020,301628.29113835713
255520180,721161.9671887916
6822100750,581616.7446249109
869700050,314138.4995274496
1775801405,582681.740462102
6600400090,226102.7684445456
7202330270,445481.6365499268
1683400165,867209.664718242
2625069070,963623.6384515491
7625702440,420959.7034299865
3388000640,228593.711258222
1899400365,295557.80306622555
6899990200,903219.3189365391
5569700020,930847.6034794159
986000045,293887.86715747754
3293700221,298311.08115672786
3764800250,351355.03427611466
2291400566,383444.9269739307
4219401236,1376870.310405516
4239400840,180055.3128764209
7211400990,201544.99396846746
7696500280,196763.1096521253
7215721070,503451.8895424939
3204850140,368409.85947672767
4322200220,629223.9547840813
2566300100,1262882.649750605
1944900090,431851.1723542202
6648500390,290495.9315900828
7385300020,784338.8440475632
1704900135,328882.3287070627
2877100655,791929.4671413356
2726079098,634915.2329963509
7625703800,466043.89684725093
318300040,516100.2777439135
7922800190,535167.5864988603
2023049361,217916.5321587736
8946400210,461331.7032622361
6071600450,544485.3884316396
4343800100,386766.7796605367
1443300140,391777.2131451939
1024039001,878514.8681886863
2767704860,580846.341939949
7234600851,664995.1191189754
644200065,836023.199274822
7784400035,749400.4936238497
3826000560,248638.9588286634
9272202260,452396.21003325534
263000253,427827.0940339728
3621059043,571418.1064748914
240000130,523614.8850064961
1352300120,219601.26782768665
7849200861,308968.3050899318
2487700130,506842.97442831617
1796100140,277794.0047226106
7234601221,563964.6078384155
8651710190,439769.72907612665
2916200091,597413.5791053869
1232000915,479862.52891810983
1545801970,275480.8528041819
3211200420,338535.64097882225
7686204675,194293.25675532487
3141600210,214931.63334879425
3959401284,519042.3742817514
2113700825,277929.1756836103
3876000710,435431.9523534971
522069022,528035.2994002008
3214200070,368678.83459937724
1221039156,299351.59933807806
259600790,445328.7997889294
785000040,462533.16758321476
8138870470,499215.9367898871
2596300035,352424.2132598791
540100057,1199285.0969467203
3073500045,502547.1749742178
5363200266,393332.7703376263
8682261650,502500.6297493374
3224510080,869838.1012275273
3211270160,419551.88522088615
9269200520,220846.8262874454
293810190,475668.5854492409
4197400043,320992.35023175174
3026079031,337630.20815289125
5332200405,984500.9160358353
2473411210,306080.28320868546
9268200315,526322.520223478
8123500050,620417.9950233363
3221069091,510038.15707384667
2485000165,582750.7649259653
4058800215,613551.4116657878
1926059039,785403.5368790717
2533300680,862634.92456906
3343903640,311768.5136523896
5700003705,1548685.5300612561
2023049372,387045.27769890137
4058800830,661509.7582357879
3333002302,412923.75364939804
2944500340,286771.14160232316
1982200790,550013.7579441161
8929000270,507038.25068740867
8122101440,280898.0656995488
7525530470,780644.4329747644
9332800020,652332.3612671478
3878900525,223458.6945331649
5420300210,265473.968913699
9232900165,304734.94111623376
6414100026,400475.3197458525
3013300660,833466.7759804975
7954300120,587162.1284263851
1081200360,327157.8213628807
2877102345,525645.2760826149
2202500255,473305.9245766052
7984400050,217917.16585891607
9558020380,427019.59612454835
7812801850,192666.68316567928
8944460020,367147.04623758275
2306400040,558455.8776405383
8649400410,365520.67624834005
7889602020,224321.2718425361
2041000025,521860.68606512144
871001484,573897.7752801741
2767602141,578531.5306539526
3630180470,784969.6299527899
2769602140,435775.98345422244
2473250280,326682.87543691474
5422560660,492632.022543232
3756600240,335918.8804073393
8651600160,776141.462881135
7202300540,859902.8051401197
8961950250,462035.49678514904
3303000130,425268.46022648376
798000062,269695.3373568433
1695900150,809298.0881923448
1604730150,518062.5497452065
4136930310,361129.8057237108
8835401250,1597659.2881239383
8665900328,439250.35691873875
9262800255,285682.43511207995
1853080570,839856.3834572856
5556300114,842418.0057414729
9517200290,422681.00975070475
4037200295,486553.69535494305
7417100123,415024.3588767902
2620069077,232147.74520421895
7922720040,613687.1111585412
558100090,576022.1882022398
257000037,268290.54955956474
3319500385,469480.9021730576
9297301520,336385.3665798453
3580900090,347049.82462058874
1321039076,204744.94770380334
7227801581,290506.4763487083
9407001620,294145.92917237856
2130400150,318311.4117886121
2312400200,237310.61048676303
4046700210,390316.01717858156
1193000480,940471.6293231002
1492800296,603825.7374724321
3013300017,429885.18706778553
3630240140,611532.9836527647
1049010390,349164.9610392193
9320900420,174826.95979931153
4315700060,376422.047044849
2591010290,339453.3940167128
323089085,704935.6863290363
6600400270,208510.19449839732
2919701105,472683.5136535493
7202360670,836679.282350785
8927600100,771487.9445535007
3211700045,607183.2724919275
4027701326,471778.0575896173
1601600195,287105.78343433316
7853280350,794149.7475223899
3629970130,719387.9523440824
7203120020,813561.2407488342
9542900190,383076.13662226824
8035350120,536719.5495817524
1238501184,909636.7041204887
251200240,489146.49052546185
8945300200,193134.34849952967
2162000160,1042011.1016948766
5466310060,202201.32969648717
1239400064,818013.150179246
5205000020,325868.07750335097
1720800305,669023.9701137912
7280300375,556659.9637034069
2095800400,465766.17198782566
7852010950,531297.0092344246
1428001160,537961.2941642514
9528104910,637329.5711189625
8644210470,855290.7234567177
7923300310,490877.28524655005
254000100,589695.6782585805
1931300688,494507.8656199475
7007700030,456464.5869321505
422049178,226361.3881746783
422069067,445850.4176914039
2923049393,374789.67645360704
930000305,440399.57626572787
2461900448,473638.8385744948
2610100020,275303.60472028196
2895550050,243670.0740092733
7701700040,296777.02330549475
2460900020,483807.0717000926
9827700105,564726.5745707484
1005000240,336075.26708228036
7200001254,493939.395981017
866400040,497715.7529380563
305000170,662650.5759947846
2260800110,898562.5261187339
3442000127,715215.2508945153
5253300437,459967.8774569959
7576700150,1018571.6726926378
5469501410,499347.8979060302
5104531120,718786.4363865161
723049434,322930.0802927684
622069006,1125084.5559619188
2517101200,313696.8902418677
8159620160,237164.59670862916
5561300640,428174.01172321907
3317010130,216679.8200658136
4364200250,413353.52841662697
8732300060,729892.1519965975
5603700025,810859.1863598549
3585900190,919614.3766884537
3996900575,259398.30559373676
8731801260,231165.75421510858
3810000860,307545.62153890927
5700003585,2133888.540997799
6332000050,474426.59361415484
9286100250,430591.8179420141
9471201110,899116.2767329139
9290800050,548507.3366598876
7300200400,663425.6033897913
526069024,884474.8448269762
1454600156,859635.1428846571
3904980360,507400.8523409605
2626119062,277630.839737724
8651730290,434127.230743017
7611200195,771399.564036818
1919800260,543126.9160486207
6632900354,296609.71674410015
3972900195,335513.61174577783
5151600170,279632.75975284574
7016000440,459389.30790425255
871000435,749822.751626292
9578060540,498844.49176772835
2332700060,898919.8821411349
766000240,274622.8111180038
4363700200,282264.66430491727
7100000250,298704.05707983155
2781250560,209108.91770758986
2781250100,349975.4260253233
5419800220,261093.11019570145
7147600245,266784.11995412625
2926069083,880646.677796092
6189200125,758078.8133297634
9542830160,305424.85714268027
5152200020,261342.7528992214
9412900045,526932.0886250156
6600410480,181340.9292264044
6979970080,571013.5974407486
5636010280,269509.47934556083
1732801300,825480.9762359624
5561401530,510630.1913390112
9578500510,363556.94527694955
7304300906,306314.3233683348
1223089077,608473.670004904
721049207,266690.0315496063
8691330310,867379.3278628702
1523069204,480628.17439119733
3188100105,597816.9970807437
6608500290,434096.1268184188
2891400410,366167.1942292118
7663700551,313305.1068893982
5413200140,253259.40612291446
425069139,578837.7085990141
6713700155,369739.9081177381
2767603505,481909.19855761057
7789000080,280191.3322635922
9211500620,231436.9142472699
3750604417,197856.60461440368
7922800320,564618.0629397213
1471620240,331201.8449075556
2222059052,351908.76171257836
9551200270,990696.1279172732
2767603160,522334.7842441404
9406710060,374198.80677395687
8929000250,378820.271958454
5538300120,408392.91087515536
2223069120,435842.5878596308
1652500060,1770219.91485768
8564500240,418142.9731617698
3629700120,627530.3756111084
3943600070,422374.59727700753
4171200025,290599.6866457822
2425049063,2871638.753072933
9828701650,379728.90193810395
3581000340,354850.7536501054
8100900015,391590.2212993364
2125059161,1031783.3105586182
304000380,206077.54140206444
8146200070,1590063.698233601
686530170,537655.6777993981
2917200645,444729.87286465574
9547200530,833939.129466907
2122059199,340659.981600192
1150000740,699491.726891703
5706200060,328516.29442988685
9265410010,230357.929115411
4083800555,512958.7848951072
6152900332,336642.94693006005
2520900301,224886.96420124796
9828200790,488374.58437119104
1657530180,284980.2568039112
7471900045,259666.55833650412
9828200460,418869.5881942366
1775900140,461435.16417891945
6139800430,457129.2761385458
7214400005,514362.75023914425
5332200026,480996.2487865673
9510970300,787671.0388033907
2540830020,424220.3842973562
3392100140,186138.72923945083
1326069191,353431.94737311057
2125059112,1087186.7370390212
859000022,370923.98644980544
8854100350,654958.308916049
121059007,235056.43920481927
7977201707,490999.80498242116
3859900060,2691535.7288905745
8815400735,738497.2872852897
705700530,354018.83939112665
6600780130,378829.55093431193
6378500105,413053.3830479499
8143000310,463222.9953590949
2877102330,640771.3924749491
3526039074,618343.0662888873
2115510300,247334.80016994377
3024059014,1897281.127445106
2141330360,557578.813248558
546000400,473806.03898991505
2071500011,435119.06455526844
7972000240,217442.19717377116
7016200460,456255.64101377985
6204200180,433135.37092711637
1552100135,1051386.0965141554
88000173,411652.17477584013
2581900235,738688.3527572885
9211500560,237707.8760566688
621069218,477258.9935006201
1321970240,282710.82208552456
798000630,304910.912075786
421000285,272741.62680906703
2824600180,877143.7078021971
3832051140,310365.4310670725
1237500105,721207.3622857082
8802400906,247479.5764416665
3166900270,398373.5282055618
3682000060,376373.82160387
5469700020,267225.47691457876
1245001820,584689.676114414
9547205660,592361.4429610196
7974700122,757766.6384234768
7550801225,556977.3087616703
1099950050,869032.5161996945
1402900460,309913.048741775
7636800041,1108622.4976389438
2115720270,244713.6889404793
8651441750,191703.43640748598
3904100035,303663.5993103506
8815400020,623377.4730512634
3303860590,475800.3966734711
5427110040,1065967.248280982
1782000160,329771.45412782195
6204420290,494326.0921073414
3995700245,305036.64627834054
7955040130,432782.25226151105
1442880650,511283.226522113
8833510230,958205.1864078578
7283900551,439561.87927632895
4396000180,240612.18067582775
7504021310,720680.6538148854
322059264,250152.1192215303
3654800040,283439.5769410201
2767704777,507801.42855811975
3278602190,339140.12809288
3236500220,509314.72855494334
3410600100,262780.83557025006
629410180,739375.3390958539
3352402250,176851.70856014942
4363700304,323312.40766762494
7237550130,1208489.9603821551
9808590210,1203509.405771059
8074200175,275348.32813426363
3463400330,429504.05027820205
6306400140,808449.9272604202
8564950250,529125.8222095862
5381000070,201759.49243754047
9826700697,472518.62828120147
8132700190,442373.1017564692
7943000020,191251.11547796486
9547204675,559787.0866850559
4112100101,552686.8500046086
727500030,682254.3625549008
114101426,372395.01999296166
9274202005,755080.4710696414
1193000380,935575.4445378176
3039000020,463613.73864227824
7852170130,686691.2891889546
2624079010,564016.0717422863
4137010540,291667.590192479
7576200012,782868.9493889024
1138020020,357352.2361532956
3969300030,188592.6236933014
898000200,210403.11978179804
5153100030,318782.7284956708
5104532030,520444.0249897886
4406000050,234082.17765258276
9274203390,618741.150058929
8682290360,445942.70049889525
6928600330,257656.88640396894
4139680070,861705.2898112473
6844702690,438338.3318739665
2154970020,1988544.2325976097
4385701285,1031524.7966516641
2426059071,580952.6220662101
2867300160,619640.4499796346
9512500720,510507.2910335098
1773101020,291510.4026057455
8687800100,272190.0637548897
3627800050,1423421.5605036174
1604600227,299562.37827618065
3300701170,419827.7678595179
9250900111,519722.0984954916
7015200790,649519.9596922469
1311100490,249961.54594542674
2469000010,975225.7836402254
1982201596,550747.7924419851
1862700290,357029.1544989812
2586800270,236336.45284253586
9528102772,467672.13315064926
5490210200,452159.5448763352
6669080020,431802.89007461956
179003055,235197.39438587
1860600535,878869.504024605
1592000130,637442.9531123152
3905040170,523294.1431407619
9320500080,258671.9372004125
9276200850,484914.0375308805
224069114,661968.8319480228
2260000340,548445.1019127269
5096300130,371618.5992880278
3432500215,367442.5631308018
2600000050,687880.7306094347
8856003839,224448.77402920072
2492200435,430185.89822559804
7855900110,1081961.6881849659
6806100250,319828.8654252762
2770603523,494505.83084781514
1370800515,1877390.1691459052
2726049150,495129.11541662004
1226059161,540418.4925751053
1068000375,3108441.356560668
9528104109,445285.7101797752
5126310060,501391.35646532435
1951820070,565223.0675576694
1545805980,407135.91338067944
9464700340,891302.1639470299
4319200675,832183.0584799286
7518500885,570576.8123479292
7852020620,499548.2447796366
869700370,306135.24183845834
8643000190,245608.3983350983
8902000267,590201.2542954792
7972602435,251160.8018126719
2050100210,940869.2425330546
6705120540,504973.33636420977
2767601390,573812.3928157405
4141000490,1208938.3592497068
9345400350,803893.1071005627
3222079162,331948.09072491794
7789000120,252808.60739982853
6646200770,676074.9067939408
6666800180,769446.8343457404
1725800280,464110.0737377428
6117500460,684451.5156873695
5470100220,228951.49230833113
5457300478,418824.2223921728
7550800195,544881.4814240427
7787050180,549307.6730918126
6204430250,504369.57228361483
7640400250,488370.9967589287
624110920,829241.4703515227
3629920140,358761.8496033719
7173700518,672296.1570790252
3210200395,250727.2542609871
2473480560,393519.9751751886
2623089141,505546.6740394788
1423800080,225191.09561656282
2076400050,285965.2963227363
3832060120,302901.5636181722
7702600930,467338.2897251693
5101404555,399363.70166955923
3723800415,413132.275062716
3356403400,217190.00888709963
9214400125,471212.8835595588
1797500530,551742.5160412831
9551201660,1065680.936805796
3878900815,338853.2201450766
1760650280,326670.5009791958
5466410030,237695.34220455762
6388930620,574695.3593281392
2331300395,775383.5577658878
9412700160,287871.5995488031
871001611,609336.732583959
3142600120,581842.4271269437
3995700220,341676.9357962972
2310000280,290720.4900999679
8039900400,416724.18691102543
7504021510,704389.2426299993
1959700445,1475396.8601413018
1556200155,572819.5806014943
3629960590,370093.4524201666
259000240,483082.2197427392
662440020,399919.718452738
3123049142,566736.2055073271
321100260,707301.0039909587
6840701095,515025.69153023197
3738900165,387761.8019431896
4427100130,418858.1350593737
9238500100,461640.08157901483
6145601810,333009.5457290946
2570300090,336926.6468574775
4017600010,501844.28052352375
1005000220,373886.96253562043
1257202120,485946.45569649816
9527000490,486078.5948228403
8691400080,699704.9125379465
1726069084,449957.9260615696
248000240,202757.09423290053
6113400046,349982.02771677246
2130702350,378320.6868607052
920069052,234415.35594671592
6071300160,566136.544673688
1623049041,147313.38112195145
9268200285,343033.3453117716
1843100520,366027.5626664621
2887700826,607061.8977661328
9122000385,567460.8932626974
9475700220,359928.67621686246
2804600005,855879.3943783517
2896400300,387169.23937113886
5015000180,760931.2746777465
3630220180,795419.3749594921
8832900780,611735.386221851
1568100300,418640.253585067
8718500610,397781.4479310417
4147200140,1174065.7883765341
1973700030,937312.393722317
8862000075,171159.4045786064
9320990110,285154.48912018276
1151100035,386002.972894785
2011000010,233992.30335644865
1651500060,1034509.2974792995
446000190,778073.4983863547
2344300220,854917.2084327291
523049195,204537.61181202205
9191200015,685887.9791659284
7942601410,780997.9705152283
7137800300,208787.9887841693
7853300280,513117.169211931
6654700240,326307.12519066245
569000050,575459.5110195162
3584000180,233160.26920143195
2026079055,360465.43643164507
8898700880,272625.9417904554
5075400150,614638.4018669069
8731981360,370681.72509642784
4222500020,223819.79418672866
7996720050,557114.3806878581
4077800094,631823.0157762796
6446200365,600257.9690378831
2824089053,475400.2355221207
1311800220,229661.81573833397
3522049063,701398.9098924538
1721801280,196986.44009864618
6131600240,189648.95911629015
7202310040,576620.170268817
1123059125,582141.456717322
646910160,242573.49988026798
5630500005,364582.3282442978
3342100785,276028.5744651572
9547205610,639105.7976512676
1773100123,292272.8152604632
3353400092,308294.7872590754
217500015,381686.5806089517
3649100031,424960.3772855094
7896300150,280173.32215621934
623049185,246204.4006553706
1773100430,321557.51738767215
1781500220,847908.5186285523
3395380200,253160.10502801416
2424059170,1999600.76123718
4389200765,1511872.9052313808
1543000060,473664.1472354583
6154900005,587970.6400096028
2902200240,497258.2846872762
1442880640,535364.0582071294
8562770490,547211.8338833104
2768300655,578298.5496619145
3432501315,326266.8336700656
5035300570,809584.0564714958
3626039028,389962.4576587345
3876540780,229369.92898690613
327000100,927823.3617772846
7551300065,472751.04484824766
1312920060,246861.06378768221
2215901230,258646.69462231765
6306800010,462020.5528682966
2767700022,494656.0900439712
5589900610,534948.2862372414
4320200020,673902.4511695724
5249804655,628608.853406564
9238500480,480328.5447618438
3885806565,1038558.3227393673
7905200205,462694.9774028962
5727500102,324642.11764250917
3585220070,423189.1721961817
2078500210,535069.0083375504
1839920050,398454.4238751007
534000080,337840.83824513014
856000255,645218.2750545061
4141010110,1605368.7810304975
9558040820,676810.6892790332
7768700315,1099362.8177964028
2796100640,281119.7894278424
1922059010,223079.84025630957
3448000542,286500.2586945264
3883100220,290881.51170132647
7237301210,275220.43772075453
3893100456,866327.5991649085
9578501110,356879.08086486603
6145601995,401066.18547023006
4024100120,306450.66992294416
8899000050,353171.706207333
3396820010,576261.8179816427
6749700117,349426.758137987
1954400060,493411.0262800162
3303970100,712195.6674985392
2540850070,458312.15246396855
3797000745,519293.23675493506
7883603700,253226.22855544178
3438501452,388126.35276137106
3530210260,673365.7027820162
3598600049,210119.1663648375
731500170,339973.93281073315
7129304375,199252.88264816342
263000006,422384.16935213335
7212660560,304625.24432413554
1112700010,399678.76835485746
3420069060,672419.5944136158
2473000470,441749.69275248505
8691390980,724744.2594391481
6184700100,456734.0682105673
4476400275,353271.65300211817
2968801240,256966.8836958564
1529300160,438058.0057879317
7640400070,593715.4904659535
7016100380,443284.4372415938
2172000890,464676.2382870627
4035900015,691551.255067651
9528104660,980774.6126663324
507100005,386944.04611162434
2783100160,399716.34539299965
3629921140,895136.4263445467
1099750610,236464.18743408
1330300451,1125422.3335928002
2757000030,874277.8893576807
2114700190,299800.48505790473
2050000020,936152.1594733142
3832500790,288936.680405441
2612000390,332350.2392623316
1483300430,454746.6331546956
8899200720,293165.680173058
9183700470,309151.3765739163
3530490031,209280.09282164078
7857001225,357024.17558885843
7920100083,425963.96412826213
2254501620,458091.37742584106
3303000130,425268.46022648376
3876200070,419773.6243557708
369000365,333381.71739421645
3052700385,680730.4853754092
7856550240,797337.9738923601
7300410110,375255.89424729836
7201800300,412349.7173957744
1695900060,485555.90263002494
9429500146,1062287.5484228772
3629910240,652151.8929646786
8805400090,244634.945852966
1022069050,280468.6944876877
1138010530,391670.6155037326
7877400266,187281.94513060365
7974200452,938101.6194934135
2126049265,451598.9704462723
9547204350,689163.9030706686
5560000680,180491.4839939909
3793500550,318693.49216038006
4217401195,1085945.423384662
1826049408,374790.48772167694
3905100210,474719.4759132458
7695370160,498985.96211859817
3210400060,231962.68531135898
6146600170,166254.4211407999
2767601750,486514.74380014016
1773100926,353515.6730519335
5700002125,531350.2765593099
1951100100,196900.6818107519
1402200340,333886.14364321134
8044200200,340208.78662793303
66000070,368854.15282995126
5083100065,202006.4054353962
4027701284,391230.62398563314
5693501100,580743.2722171445
3600072,554435.8867601965
8078550250,316274.0780568122
1922059046,291367.0079025469
2902200016,632075.0534464446
9183700845,145447.73344587913
3333001997,325303.4647765728
1432400525,240255.37046174385
2824059128,473795.4987075253
6453550090,908505.6125587479
6202600070,1288967.8925603903
7524100280,224051.8146192158
3524039224,930975.6203782489
5739601300,515157.3561478602
2473000410,409394.3844421442
421059018,281291.3669094177
4232901120,763941.2363141945
5559600140,244678.75941667447
3797310150,282576.0148400237
7986400265,813945.3961388903
3025300095,2405626.644154738
7524950830,570170.012547053
9407100730,257281.155302836
3812400854,387827.94732198573
6002400030,342064.7130480511
2212200090,236375.04532039346
7202330610,504804.96702915285
7300400170,314111.9966581729
8965000110,454251.35644887306
3996900125,314402.6572583866
2221000100,306109.23433306883
1524079088,328188.737618457
1133000036,380172.6642948345
1868901190,630482.6781743236
4037200530,462123.57114607195
2095500120,343308.77874126006
1995200338,850900.9981052
8820902350,851984.8008909948
7459810210,372625.64726905746
9536600010,559736.5338256445
8085400586,1650968.618178086
7518503065,397740.43099765165
8682320350,604739.6871265812
3179100790,818811.9702876599
9828702666,488220.29410522606
6713700250,540943.4081810258
2141330700,651572.2310668963
7519001990,420692.19099337625
3223069019,328345.5833950059
7994700030,356786.6994297062
2592300450,296617.4652980811
2792000010,404313.5826288782
173000025,354515.32400976395
7203150330,714180.502089926
3305100210,874887.881841076
2581300055,900823.8868746576
6613000750,1451194.7745426316
7015200685,668297.2825684057
1323089184,433117.7360726564
3793500510,379621.07855117496
2225079030,321786.5985639798
3578400710,395685.44222157117
8100000090,254902.9886832444
2095500040,325518.4471891682
8682281710,673661.6312735127
6163901380,317375.4211280141
6918720080,608916.6886673943
6914700130,503578.44760485477
1205000215,540490.55057253
3800008,264436.72999142687
6150200180,287535.4957827545
1223089066,771188.8205795895
7768800290,764051.8381991105
9285800330,957503.3730645559
1974300020,456855.7643162445
7628700050,814347.6991819266
9376301800,676292.8021223953
8651430220,184548.28662141535
629810350,838347.7572932346
5016002180,907042.8861388477
9558010230,341708.38639716315
8732000390,217058.67814706214
7899800586,342696.08949120063
5249802460,439339.1564949368
1446300020,557654.9315032379
7785380150,495694.4292799741
1245500950,745105.0815028478
3362400640,629906.9244311603
7578200310,706118.752295265
4137020910,287095.4857241058
11520640,787675.786972384
7972601995,275836.81270490936
8122100160,428061.08482525987
9456200450,292375.98874070717
1328320760,318559.2770164922
4025300285,311076.67730341584
2721600125,946770.8251226132
1123049027,216580.7309634445
3542300060,246883.60808658463
291310340,519791.77150927216
8651720420,430718.4040583649
3298200790,404319.49793881754
4037200585,465829.99351095833
1329000090,1390289.426274935
9279700013,1341360.1769225867
4151800265,488428.8566331993
7760400210,244783.54951498786
5029450110,227273.87562171608
9492500160,858677.4223861023
3578400270,432996.131028741
7606200090,324061.975749761
3682000050,377125.3006940181
1250200415,348631.69259031874
629811600,687436.923347162
1839500115,321503.4905800926
1176001293,1641941.6869905493
3013300409,391236.70092533453
7853280370,764992.5093755241
3275780030,603523.0568278177
3336001946,262224.230160597
5456000110,716449.0552010139
2473250400,309764.8121732148
5393601635,522784.2930888063
8820902905,338434.66251174523
1245001659,650814.5484253252
1523069215,451002.0676365934
930000234,440577.64649846475
4083301645,717792.9451450738
4055700778,605198.2270826913
2781230080,419509.6088135804
3629910210,654827.4603895929
7856700060,618477.3564296062
7589700055,456080.7332515293
3888100043,352193.33448962704
6381501636,395293.7274507989
3303951150,386419.2790843289
8638500170,356825.7522340588
5635100050,396924.88200598577
8820901792,769367.5694012779
5456000025,1308151.4715475177
985001275,152100.94555059395
9560500105,701312.7434062067
1421069117,230225.5145915737
4154300296,259353.65338637916
795000620,139022.28310990744
9828702335,480957.4163042505
1250202145,987971.6894693145
1163400070,252364.2841487898
5652600065,613455.5084049567
1042700050,794724.6465859729
8899210320,345094.2868444566
1651800030,1441300.7737772502
2919201365,739257.3175713527
4365200895,321069.3365912953
6841700100,863437.3965852779
7376300060,367127.30964312895
7852090180,539031.3869629711
9222400565,536726.4654221104
9542400075,924713.2960766102
7338000150,200815.15672161558
4322500110,577258.012655849
7694200070,439280.0013112424
9321010130,245230.9512203921
3204300455,1244495.145284112
6706000040,284587.7786391506
1565930130,424298.3686590808
3279000420,224962.17060488116
194000575,469136.58920515294
2115510160,247130.72693634237
7522500005,565592.9480850386
3787000140,456520.9829652648
7852110690,653578.5307134378
5469700260,371088.31039091304
8691410730,710108.7977109968
114100763,305651.9257773999
1257202430,933907.9742361653
7000100635,569112.7987364825
1900000195,180198.94389899002
251500330,1883192.1684262378
7701960210,801045.5322020833
4037000065,444723.86120621476
522059299,256606.1180198911
6072300800,669089.6408125311
6821102358,510842.65737149265
5029450200,219449.02021515925
8860310240,605870.1954591041
826000295,374571.9265270697
9417400110,390864.3231372896
3959400345,737780.6189314458
8899000430,324732.51872085663
7527200030,778680.8903278335
8562720410,1490734.7926073084
1432400335,224192.1038345272
6699940320,355855.08573204663
2525059172,695121.0055627683
7548301044,383739.6736544388
2141300420,787244.450781561
5100401414,390764.69156465086
7346600092,234015.09826109235
6852700478,488933.26312485425
87000213,215189.90545476583
5416500260,309221.8388720764
322059097,272935.901386485
7229900005,348292.35593085655
7116000350,154467.3121457099
3739500096,367286.51526627754
6744700900,658782.368309517
1959700550,964182.9144253753
5589300435,395539.3735914936
1775920350,325962.44845653104
3750607974,261566.25187463907
5318100935,831879.2372121918
1442700430,500773.00689391966
9346700030,713214.6287626843
1841500050,333140.89615280984
7278100665,332061.6155513192
8635750980,611575.7173104244
6909700340,642186.1191330203
7011201475,777170.5524673167
9348500220,555843.0529041389
3876313170,442533.1039951861
2195700050,920322.8055399683
3760100200,448645.1488261082
3396800120,512366.22701502754
3750603685,265301.76599690045
9828702310,524514.1794485684
8656300380,379885.481820595
1438000170,549912.8935687846
2423069164,476502.4320088173
2112700845,322112.78248942323
7635801370,521870.7492509121
8572900135,389928.12939244066
7504010590,810004.2528264166
6821100125,454977.3462468222
4310702775,306063.1027617471
2591010180,439447.0711303401
9828700235,605388.266324826
9376301180,511733.48572128505
1646502355,1054377.8365908791
1498301672,556133.2896052527
7715600070,368980.53957713256
7283900045,468176.2914697821
522069119,509443.2771148344
5200100125,594572.0941082232
826069184,483855.1539269831
3271300155,852603.9949643335
4444800045,630589.338551286
8682291050,697064.0330334413
2770605420,531655.8272068937
1556200205,496294.530980523
269000970,1408126.4136604117
9264900880,262851.4721496449
2323059074,193529.8778883114
1224059053,1206612.9781410715
3755500065,405467.40728041244
2571900430,342191.2862135493
3705000070,300821.2231380748
824069173,554090.4086912854
1735800050,157011.03816593596
3025059089,828267.2299292663
6132600655,957659.926296235
1068000255,1772653.2780864923
3052700921,707494.0025435841
3024089057,317640.5111770425
7390400026,273588.84752664244
1787600224,412673.9292793601
2923049372,293086.05483606894
7015201015,999511.4747323287
7701990040,848327.2572725548
1925059194,1201173.3932049503
301401370,339642.81955133844
1931300955,412877.82803981885
2395710070,359016.43900063017
2591820070,381088.0213837023
7883604065,253349.07493016327
808300200,497569.6389334203
1421069159,501714.1437691434
8562780540,329629.3424331377
2787720300,353459.4027089723
2349300069,330552.90101555706
739000035,194975.83399782915
2397101460,591676.3201687819
7625702437,392037.303547445
5101406441,460985.59797548014
3323500010,1237604.9770279184
225039082,811736.7771116418
8078100260,341223.9932925507
4139480200,1344648.015519002
7436300160,497176.68660186644
822039004,503781.0995643704
8651442910,242025.46994678647
1370803510,686260.953744912
3342100569,700889.6387052132
1310430400,553310.3915108279
104540820,243795.9965825758
4305500030,583169.4372398229
993000090,747383.9515432196
8044050040,419883.7296378525
5707500050,728475.1259556956
6306800080,378389.4600619688
9206700190,761797.0589947638
8732040090,306315.0919383721
3037200045,415018.3679818009
438000025,600703.8990715471
239000115,324975.74504906463
8929000230,508078.28280263284
7135520610,1132858.1895669054
5561300340,499184.3887872259
9530100085,716673.4740143755
6613000140,1350286.0063921628
8835210130,358433.2263779874
3782400190,338457.7012510982
379000051,281751.2948728406
3869900150,323913.2136309658
4322200050,456438.8676037372
8961980290,711284.8486669497
2558670110,453610.1554126898
1124000010,411137.66263768263
3869900138,469000.0707837256
7853300720,471707.7776597913
251300110,345129.7944184829
3904100041,281257.0449337199
7701990300,826113.4594115496
8682231190,549851.3451844438
7888200240,210712.80693013273
2025700730,297203.28873531515
3066410800,720347.6493355241
7576200040,720027.4298002763
2526069095,1148440.0412696404
2781270530,199501.33014328062
3763300005,450458.5768510045
1523049083,196931.00340598222
923049468,192714.19460773325
3303700221,606890.6543363227
1502400140,216874.69912184667
2880100160,1036341.6712284476
4083304535,815741.7002439725
8820902549,599503.6272226016
4139400060,811028.9551753616
1222069094,328622.4808410432
9367200205,605890.0859955589
2734100736,311829.9324414852
3856904580,642081.1163660405
3812400789,344350.1247400606
3303980090,1037307.5012513263
1314300018,295333.2886388528
9522400350,558762.9876737042
7524350080,339202.5146108668
9406520260,333689.3797847818
3278602040,397501.32502605836
7696620100,231867.2270150554
3751600635,242793.92837966053
6365900065,382441.52110161737
8732800100,256988.15708769445
3876540410,244461.26034857507
7349660050,260868.21628001056
1036700220,722415.9340178856
5417600200,367542.98042871273
8732020310,268856.23077464785
6844703240,933017.5986341208
923059206,342163.40660996607
4038700220,605900.9245438443
2597520900,760455.350026835
7203230040,940959.7901934528
8820903560,310335.0520564423
424069112,739414.8864752739
6056100102,495935.0533293131
1823069155,434574.1209997784
9412400220,3013334.450685285
6851700381,983809.0247264074
13001215,281316.5382366098
3630180340,749255.2241823603
6746701090,567372.158911785
3832050760,292360.89629225404
369000690,464591.48657190637
6071900130,573120.3503966919
7266200085,612133.8058440734
1473120390,434291.99056448997
9523100458,545416.4675437165
4345000510,237758.02868649233
6600220090,441461.1702796537
8079040320,392225.1347084559
1357900060,466274.91210532887
3996900295,315654.2705527526
1442700250,508792.6262548687
5021900175,636106.0264286257
4365700130,310119.62287957803
3876100320,594399.1137477909
2124069103,414044.3578225222
6700400140,269560.6007585986
7852090810,535189.4220292197
1454600038,832746.5579545968
4137000250,293649.032631652
9826700726,536148.1286232212
6716700325,451748.0858716074
8562750300,624175.9788870914
9315600050,1798883.201340401
2790410250,698477.65040832
7732410130,720859.0810437852
1387301730,342480.3988542767
1568100220,328513.4848719128
3975400085,900154.3431959501
339600110,448171.30292097846
7888400500,236627.44680755612
1842390130,697595.2544173085
7595700025,379149.8367741978
2158900140,749167.4586216235
6151800070,371999.28827894165
9294300515,738107.0108959232
1250202660,758651.4200123239
9106000005,983523.3586727143
5035300085,732629.4578633115
8898700440,280108.7402026325
723049197,177277.49413500493
2019200220,203578.12127764252
2926049408,654326.5820387531
4233600190,885573.5369368558
9268851860,447825.45422568783
5458800620,650276.6689467505
424069096,467970.4954024136
8150100265,237423.94010048392
2742100085,418776.23598132643
8045600130,395233.5180221646
8039900086,297048.921319765
4131500190,363474.0640041729
1370802650,720409.1270573969
821049149,247364.00053829834
5104520460,377573.9758236134
5466750140,244436.352589471
1703900155,335507.2313505042
8658303065,340309.1900982631
3298720030,408425.323664785
1839900080,355051.8776027846
1561600025,809446.1112845149
6064800410,318839.5836251452
621069102,241080.8608182234
7853360620,418834.2110917547
9385200045,680057.2963845842
7214770020,638430.6976136172
5412300100,225566.60460618255
2025701360,272975.922612103
7334602070,314394.2005448501
8029200190,197912.4171506321
2622049052,493282.4879932045
3126049261,379606.736916334
4443800705,454961.89439420146
2473420100,324569.7302971949
7922710520,522075.67435731285
3336001911,281999.3488415878
3797000300,452084.32022210263
5406500480,659393.5113765072
6706600090,455337.52496203576
1518000230,349968.67973480036
1250202990,886115.6116150058
6441800060,786996.1934359754
2141500070,429394.99674809317
9407101900,260910.5308569113
5451300117,1908514.4924863793
326069132,514741.71056033985
7153400100,231973.77105839376
3083000910,461629.5231342669
3021059304,320462.0133017406
2597530650,796656.3876990309
3972900215,314860.49151676614
2473420070,299241.4611724027
6115400008,569893.5839414091
8682220230,749705.2535620821
642150080,573271.2409585605
3775300030,328990.0483553569
5418200340,661205.3247459177
2424059119,986791.6255685559
7899800476,245773.61840192648
8598200070,269251.9578926378
2421059125,500130.42948446097
9528102771,544819.6805804248
7522500020,629527.1096896977
7202340720,610001.5719743917
3286800260,573996.2422636796
1121059105,447788.39031520963
7504030220,725369.7859240116
4045100190,1656656.7012691787
9406530090,356996.6129370105
7138000260,277783.0866563874
2600010390,656478.8033574012
2917200365,447849.4123458725
2191600780,208346.63765021643
7784000180,552080.871730762
6149700194,328808.0089291577
8082400136,743558.7578904647
7202340930,609815.4951630484
1972200556,584420.4571495322
2767604170,499964.5056951176
3271301175,564673.4213295041
3223059303,532373.4551496712
7598100735,1013654.6986228721
3348401490,306284.2631800867
1545803390,281983.1653528033
2296700050,497022.4432141347
3626500045,741127.8474924427
1596600060,312073.5543849336
3616600250,1137217.451169992
8078560140,289108.6526765508
1796360350,240839.59779950653
2770601763,534962.5731047116
3223069118,640462.8451838378
2473372040,371414.4840472534
3575302759,377565.9309881794
5706200170,451032.91473120486
1774000030,473789.14240314765
2224700136,322007.23590471107
1250200418,337872.6933454761
5416500840,363290.23106763454
7335400345,144494.4022581591
3776300010,955199.927312038
8857320130,535198.2516453663
424069206,783933.0332476158
3592500985,1055644.4744836553
9828701295,356755.88557926845
2621750340,311958.26694622
7334401000,243136.3626736767
3286800110,604687.9072489339
1722069097,499699.85550446226
3574770030,503354.1545396259
1336300610,1256486.9129413392
7230900100,339771.9211203844
6141100320,298027.1005163888
2767602356,737103.3809240957
476000017,496357.7025520107
2558600100,439999.37297119986
3500100015,302960.38468687836
4074300150,402583.0579626942
8907500070,3631187.2043887717
4388000260,197922.25303556627
2475900850,255871.9552203004
7852010900,529298.0630919572
318500300,700948.7070700884
9200000050,159975.55283704557
1026069106,514918.4325739973
205000120,663705.7846882605
2616800600,820571.4244935046
921049141,605637.6391040189
2023069059,675037.0320375477
7229900145,441634.0605491523
4376800010,540070.6658256804
4389201095,2254821.986450295
826069127,504674.60400181136
2310000250,286586.9775364391
4058801225,337836.86315838096
6600220550,464341.19813709444
3585300194,1414245.1073919572
2594200375,387272.9152784968
1102000514,882158.8868668192
1862400471,438661.33546383225
6928000440,302847.26243759383
9578060470,523982.32995089487
8732020670,265045.3939583076
1823069088,309499.4060112928
8712100350,1101787.4601962166
3420069055,357278.9214608316
4229900140,315659.38370968925
8682280490,416226.2539665546
3830630310,253714.22855910484
5100400251,377429.4425545448
1737100830,611085.7847281154
1630700276,364940.1140502578
6326000205,445969.54727955814
3426049284,2665469.3285131264
3814900260,410129.5883497577
7403200050,1745663.3605947238
1725059252,707432.613561999
8899200570,315654.8049981845
4137000700,267808.02389906236
1115300270,662380.8777452902
3904920380,605641.0281971534
2695600195,374863.88321349653
9542100135,839006.9144876845
1552510160,400972.2101460849
1823059241,656648.9830886605
2193320450,634297.4923736469
1122069006,572288.4589670007
7853340330,398345.36983638955
1954420380,498063.4184515769
7299600530,268988.59945413395
1760650670,264758.94965753576
6819100080,571439.3835033143
2767704649,490213.92158270243
2424059035,832409.6575460419
1566100400,407475.4335918429
5255690060,482152.15852103353
8860500130,398399.60711595893
7349650120,305182.94410452497
3291800670,466095.0871327518
3764650010,513643.89870796073
5416500950,406345.97202608705
7973202712,191786.9177758747
3291800120,237146.42155964422
9211500620,231436.9142472699
8643200020,367537.37319274794
9197100101,197074.76958335435
3531900060,345860.5445305073
8842400071,421326.07404334913
6844701680,476206.58751811297
6413600285,449233.52455295273
5196410260,945281.5721469537
824069121,776752.1937470934
3876313120,398265.6062973335
269000030,1004309.543865403
1560930070,772589.6262779144
4435000705,175831.31245562562
9542400025,869123.9052577317
2470200020,1407664.3823047853
7519000580,509665.5525274244
1226059101,492484.4244477154
4449800063,415604.6076918273
2815600305,670616.2821227547
3821200050,297138.6288143081
2644900110,374446.3985523395
8058500005,414458.00420516916
1099760230,220032.03422805018
1954430180,496305.95170156594
7853360480,461349.28071131516
7229100040,330874.3422122364
1432400120,180278.85455825832
1898200080,341163.41331451
4054520100,860578.922939088
2568200140,752295.7203888842
587550010,751489.5401238333
4154303215,880417.5104904647
6358900070,948085.4681651703
3277801640,437783.6926313618
6209000165,328051.2992507126
6143000020,272468.77161694516
2591780180,423039.1964244535
5412400170,249582.49525736406
5466350120,257517.40877751232
2877104196,691713.1487046198
3222059007,333996.0594185088
7957600025,264989.34854345233
2698200210,265271.55593956163
3764500230,542158.6547493146
414100630,377301.91016946617
8029740060,337700.40811476205
1426049054,380318.2914874517
546001060,676384.9598476429
3277801417,484586.8135849845
3630120970,753933.7255487102
2326059080,897969.5772035026
3278612370,367208.28209357255
4024700100,292987.5264182057
7697870860,244722.18253519133
8562900240,685309.5308295307
4059400585,216990.1457287583
5703000050,459087.61078106763
7701990560,841297.7210140573
1760650610,324048.31302013266
5408100035,431216.092074779
1370800560,1252758.230316288
2880100240,510167.8394682553
3630060150,508597.98876728036
6071700020,510654.3175153586
2473002500,403023.4309016729
2768300650,527930.3249821307
3523089019,737503.8382890228
2787250190,519962.51769290277
9477940440,418615.60211939015
8732030440,293138.85677409015
236500050,309030.0120373341
993000100,699778.6283363072
5466700360,237578.24138774574
7203220300,867661.6947129252
8682292180,439412.21264142817
5209200010,481941.7810589896
7853360990,426289.18050631764
8663310010,427374.2213907742
2313900165,509751.2124373726
6114600030,593219.7780656909
3303990030,766263.3238272712
6679000960,346422.93690350547
8161000230,590019.0074436108
9510860060,672619.3195482914
1223089083,728677.9762667816
2721049059,268141.30793515354
2523039278,282125.3521921541
9826700707,484412.1878019099
2159900120,486871.4209889412
2767600635,608605.3831476395
3812400455,421910.1616896192
7852030960,416922.1996716229
319500080,705214.2415223235
1061500360,309669.4542066444
1787600209,407580.89585849707
7888700030,476795.84667788725
3623500260,851980.2524678217
4219400520,1303448.3113476
518500460,2764904.536111671
2500600297,264465.37291840964
7283900010,314625.97869871365
9225900055,294350.44321022654
4036800925,445123.3509065977
7967900150,359036.0952447391
1782000130,403582.19304540224
3163600015,167745.69144563528
254000075,431511.4842136336
1424059022,1061311.1862074991
2768200090,761094.3341638802
4319200505,507487.40825937706
1592000780,632827.7955132041
1687910100,542081.5429603343
5200100115,581272.6207970204
3751600176,215321.3644282027
5608010650,868548.1999612824
2051200506,283662.21215999284
2781280310,281393.0185640915
1023059190,269622.4044395716
2787310130,265952.52924228646
4358700100,398879.6082082902
3121069036,522976.4549134838
1959700225,582221.0774239857
3205500230,396073.46502867236
7974200937,506886.9161797252
6819100111,932557.8219968387
6146600175,179592.42274594685
1525069095,845926.8895175525
1231000510,429648.1900521051
4122700040,1070573.1199737475
2426039314,298478.3703701466
2013200390,263011.0619675233
1854900330,682054.4705326597
1923300135,571601.8887808153
582000135,526645.0649926275
587800130,281034.9238768283
7840800135,225919.75194277175
6116500366,354767.4213015407
6392002635,626395.6200264168
5361700020,361004.68232347886
106000395,376115.38193532516
7199330390,354205.787005504
2484700155,627466.5160499302
4038300070,460402.33378264896
9407101850,315724.1666559046
293610040,631545.1083030025
7202360760,828036.4111269078
5608010750,1094758.091618001
7236500025,320446.9261752831
9144300120,343216.4814825408
1454100267,403506.1778587432
1377800135,587275.6712151112
7967700570,227570.91650382386
1562100220,594452.234082096
2923039243,398994.82366883714
868002080,804322.2131152042
7137960460,280475.3010939993
1023089096,325119.20031448075
3262300818,1809769.1874939643
8563050110,561295.9658136597
7137300245,426426.75628002005
4365200630,428028.67747679644
4100500070,1758411.9690810412
3821400200,251042.32345256445
5379803386,240015.341811655
4237901075,580956.7842629431
8118600155,353158.2040888618
8946780080,871209.3112304643
1428000970,399685.3912439518
7011201004,671922.8644518222
2799800180,367755.34062273544
522059130,245821.6932618932
4315701163,586343.9557584829
3649100387,426116.54845047975
2125410210,466042.08389889356
3224900130,218225.68496695074
6798100661,303752.2493862938
3626039325,802310.4081699061
8730000270,346042.623327528
6065301040,907861.7827475857
1665400165,232510.95810806184
2203500140,434909.80117512133
4058800875,341885.3981108863
5076700025,448634.80532316875
7853420110,582404.5733843705
7818700480,332411.7463587515
8658303080,344685.1574693753
3187600100,569789.1565911156
4077800518,345416.74075934885
2470100110,3041821.918073753
3451000206,339184.53896090505
1843200350,198850.93740267743
7904700126,418051.06780791143
9430000070,280948.9642830448
6003500749,608809.6828937364
7701990700,805396.4123001562
1310820150,350959.7398558114
3975400190,611098.7037500173
4100000050,669863.7805431662
7202270700,572619.6790531592
7370600020,662869.0328969954
126059225,511725.074780593
106000015,399611.09876239824
4458800060,932579.9443626316
8944290090,243207.34355460946
8682250330,594901.577595159
9834200390,486912.09534947085
3275880100,708743.1015378977
7227501190,226702.9598831608
1796100010,700986.6259046387
3831200210,291832.50630000664
2521039066,273513.6343440248
7701800050,425630.0882348201
3904960910,684636.621913293
5647900670,274039.60389873665
7234600796,544926.1009833949
3021059244,222587.45888038373
7787400030,1735148.036732181
2051200436,574922.6235114161
8820901415,345236.1251038821
3523069047,842151.5890763089
9194101388,477743.183699137
7277100610,326551.5505351558
9471200370,1820357.3875704752
2767800140,706423.8093173277
3629870110,522920.8162475482
9136102057,588906.0995117468
8648900060,527721.7322335505
3678900110,459948.2539962561
2767600150,487936.2004534538
1972201511,625943.5590131965
6055000430,537762.4507708153
6624030050,390166.42174345243
2215450150,330287.1530382979
2767603824,474245.95888763486
3585900460,740020.9735698188
2922069134,450131.7552746668
9267200062,355813.3419761054
7228500425,571840.596461882
1089000190,856145.3830655417
3359500960,477785.09663845744
5152100160,400842.945813208
7230300060,364003.64686711493
2423059067,475575.2968291893
8016250060,250250.09549235407
2524059267,1081279.723325133
1438000440,506386.7250627588
3326069026,617742.4119383751
9353300600,307921.7453018229
8691410060,694577.7178182672
6332940070,544149.419768019
1310980110,286472.9331099461
7428000120,247790.50569404062
3626079040,591175.5429770137
2722049077,295930.0561862972
984220290,295222.67447445454
5347200160,257317.69649466898
4154303655,525445.6542378796
2953000250,252237.24833008528
9523102447,658019.2972616821
5104511840,409619.5584932183
3448740250,422265.90294561774
4219400290,1044675.1791516882
5152100060,517966.32546584425
3279000460,219638.56623670232
1102001274,1005703.7058630704
1251200155,1061667.4312723225
2025700740,266943.12159894576
3820350050,361810.8838269154
1245000438,674629.4156211239
7853230200,444227.3080973638
3832200070,251942.98907029224
2926049400,462152.24605972256
1246700251,850288.6517746081
6372000155,587985.1893777793
7950300670,348672.56630283175
7518504130,559547.0061827794
9286100200,432680.6421335517
3992700585,459679.0804069338
7234600786,905320.0110300102
5476800069,383809.2109509028
1126059201,1425074.4164124664
9527000090,474298.70577859785
402000115,303821.81015561975
8818400450,1022659.5878419989
2475900840,269923.85720167105
1437500015,208448.18940281335
2848700095,447157.59958236094
1529300135,366785.25386000366
2597520090,770668.1207181081
7812801125,189430.1179770562
3343903647,401010.2604024146
1951600250,170580.74622279668
9542840590,263208.1545745394
8081010040,1026408.2207212672
3262301355,1281816.4003235064
1861400068,466849.5644699382
3295900490,424641.8908588216
4345000440,241615.7467132656
4219400465,1034434.1018174938
3797700030,275882.18887599785
3204300860,707655.2115888691
1930301555,528373.6789727579
8807300130,356513.8066408333
4391600035,255496.5532362494
5021900140,1892649.2369764864
2946000590,256156.33983602244
686400210,529575.3826924856
3365900462,264415.9195628773
8682262170,412142.1888792388
7312400325,343670.4580782651
3760100100,414599.4755363547
3579000410,504582.17988744454
1773100755,503188.8993884926
7129300175,286923.0808057649
6303400965,247276.8924653347
1328320440,345425.9580934317
3686900025,244600.19401324214
1221039066,427973.99592832173
7950304095,335328.3547875063
3585900785,1103736.8145824657
9455200329,537641.5154073609
629410130,748311.6123180736
1994200375,573736.0362518202
6669200370,1163833.280889087
7262200150,237836.52586426353
7504010750,602336.6822728248
5253300173,303093.6207129754
3395040200,287645.3562711867
322069109,445769.64392638847
4054510270,1027246.8622433284
1710400005,587415.866444223
8644300170,679866.9952476427
2450000290,1134835.5758288058
6102400166,663640.2299586695
1934800087,454881.8283457761
3333000775,294793.26369425986
5393600509,336055.8515352425
621069039,332010.22997923184
3343903611,579652.7354532003
2954400020,1127188.2552884389
7972000010,159812.46984177898
7214810510,463429.8751160493
5561300540,482800.7965529566
2634500070,399166.31999257253
6822100310,657312.6274301613
9201000100,744183.32257296
1072100085,341555.55889595137
6190701146,424060.96848651493
3277800845,295239.6053607974
112900020,347512.5655201258
1324059048,593761.2183840717
7979900126,360126.3643184507
7199330370,382679.9726203177
6381500720,434146.52848662424
8078550190,283607.9389912743
7853440140,801873.431882973
6300000396,361594.2286298663
3374500250,368555.73891050613
3343901188,281512.57746954815
6979900010,826135.5448517173
7199340320,568517.5150962407
1112000125,342422.722999292
9269200150,340857.03490533633
5104510210,303052.8100049945
925059219,603256.6173729014
100600320,200429.17609460917
1789900080,271161.33004713646
2123049142,320599.8743838166
2459900040,532587.7965167495
3902300450,562519.9550178498
7250000065,344248.7500995081
7823700005,296308.05376555707
3750605247,228952.19508762195
2771601730,475169.57226186973
3298600440,397321.1108114164
9141100005,598740.1465208003
8682262190,411375.18688534154
9407111250,241755.1086970562
1336800010,1562571.3464760701
2255500060,609323.8428928758
7950302345,300109.7352276334
8658303585,281318.2531978744
9184700600,1089114.9256190562
8068000440,270157.90338487
1310000130,304908.0959271324
7853221330,711713.6332844275
1222029077,285911.9020294855
8562891100,343791.79998599866
2517000260,365167.01296834357
2225300149,352683.37446827756
8651410330,185657.25564090366
2413910050,598040.9700596649
9407100720,279890.19803408184
2112700920,335147.69627751055
3761700251,986877.4019093749
1036400100,641625.3779938346
3585300365,626322.7257824561
8562750060,872943.0886639813
2719100042,557175.6610208598
952007055,410571.3320918819
925049318,596156.8867797239
7203220260,961800.2906691378
9320990140,289504.72479050135
8567450140,541956.9323349561
5379800810,184006.172809263
7784000100,588100.6029912933
3992700475,384575.6393780075
7905380280,415449.84506914695
943100683,427098.3835661568
8029770470,533098.949688762
2818600060,1020873.0955170891
1226039124,413045.28391451074
726049184,293116.14961474953
795001930,247384.32628252104
339350150,695542.2812870325
1332700270,317267.54305188096
7548300170,594552.0261104939
6141100330,387853.781628127
647100096,754304.1840392102
6744700423,450214.5770389557
2895800750,279074.7826109045
4046600220,377346.0662265637
8809200070,359645.9806437666
293700110,924554.8113948097
4178500440,264108.2738825349
4358700164,268026.65908804425
9197100263,255389.34226549751
2426039313,298478.3703701466
9468200163,633757.3643121975
475000190,509542.17412200465
7504180170,435692.74638788775
4036800170,521716.5489690959
2561330040,436708.2097414568
4123400340,501043.7067848306
524069115,790993.5600417331
4047200850,343622.1144450379
8651440230,249007.69446117902
3905030140,552639.855408848
510000641,658645.3378426074
8663370020,414384.9822891256
2883200760,701740.874570715
1980200384,783968.4938150968
9468200140,499083.9635670286
1796370150,262034.37657869645
9238900085,606750.5154503111
9191201325,620693.8885355955
2538400060,915850.636643133
3758900037,884063.8712390747
2472920800,412118.88585100736
321030150,333616.7608341084
2571910100,297089.01864356286
1423910670,289644.4759730122
1118500030,836550.9358887471
1939000010,678285.1943678526
1776460190,472421.4756888846
7504400290,643394.4429651877
3448700070,395286.07451539417
7518501025,571572.8443850703
923059252,515777.8590856224
1431700210,249885.6879857895
8635760480,553438.5595763354
9175600025,1221726.962645063
7922720250,516498.97165377776
8944360390,491388.0300248396
8948500065,227035.85409528913
8669160310,269549.64966227533
6117502745,558797.4447055284
1789800020,446205.82582575973
226039186,305103.1702144561
6457000080,262314.8739248989
9557300080,527857.4512285955
8562790480,714942.2594197606
6430500008,494313.0560080163
1604590230,782200.6495681226
9542850290,762424.9051639556
7831800395,252421.9240303437
3317500030,1160140.8044963987
624101110,788304.2095879794
3654200039,363804.2420393032
7856000150,821962.7418855368
4338800685,257503.14646331363
3211230300,421380.95118748536
3904910650,566711.4792746592
3598600088,281610.3018426876
3796000400,361275.4706651026
7972601280,432965.3268330645
1450300050,255424.9901591065
7504050090,739033.2851912706
9202650130,544288.3439514468
2419600075,385533.3634348622
1224049005,837235.1050581821
7129303240,321239.68140089087
1922059135,210195.10691092798
7852020250,653950.5777481084
4139910180,1642088.5149707696
4222300040,270403.65514274617
1024069027,961691.5196381105
8944600620,518908.2349284193
5040800060,823675.8380203027
1036400200,625227.0993269674
7899800915,223683.5431356929
3325069025,512514.3708548608
9408300310,584134.8049861221
1773100604,346903.27940723975
5451100490,803052.6990581165
9536602080,190817.69697015575
9828702055,397549.08162815473
3362401758,518073.355045035
476000333,452556.3444481472
4364700730,391797.2545619638
5559200020,264067.8185023518
7522600110,233977.31196440387
104510440,228630.94878089524
8820901275,542704.1266534154
3298700125,234516.06989966595
323089172,418529.2633221884
5364200477,622118.4661858098
2222900082,401907.03007786325
6641800020,581116.9336935086
9358001422,313603.5469244539
3438501150,314120.84748972027
2206500430,491942.7994730879
9272201318,550552.8457304293
585000095,631302.772029218
7708210050,538652.5224793019
9407000840,292262.0993070573
4027701265,512631.44416022976
8644210050,791509.7280654659
8656800020,390984.8666628141
3329520170,229273.3474081411
5104520720,326555.91202165425
3806000005,169552.46763482102
2330000015,737661.3661859389
1447600410,258954.00758922848
8641500252,379794.3545188558
6084600420,273648.8100859847
441000115,441217.93313029566
2597490030,693305.5145852221
650000030,752100.8471620943
3585210200,397584.9156682511
5416501030,397387.8293140163
5406500170,626815.9987946759
2916200065,409876.22317436704
3330501975,501436.29598171473
1774220070,569159.6954733487
8731730710,205921.15468430863
7861500150,406694.8273566517
1402630190,373631.79439659487
9117000230,294200.9792836686
7133300380,689548.1904862705
4232400470,806903.9093530811
1773100972,340178.61406885146
9413400165,257534.50751687036
7658600025,439612.03718911577
6909700040,1013147.2881559454
1402900380,292726.14635903423
6625910100,460040.44023240753
3204900010,595643.2062442212
5162100820,317365.8851513263
5560000480,169028.64538274956
1704900303,552229.9254794628
8084900170,1838219.9596655178
2887700091,724874.7075095883
4331400190,276557.6422750628
3762900130,386768.49361439556
52000067,556364.4579581097
5430300120,805755.9037889007
8956000460,622093.9692237923
8856950310,255618.6279998252
3364900156,323154.5810117949
9310300211,311924.5004738627
6448000020,1319754.1078403285
123039570,381543.8590002025
7600065,550033.4992260428
3123039171,428331.73992767814
8964800445,1573888.2500328608
7857000732,377035.4314450566
7525410090,569622.186155805
9541600350,744658.6410136541
3186600515,776948.2383975759
4123820450,335296.2808355299
2505500030,1040044.0759482905
1541700240,324706.90521079383
6629300120,353388.2093535158
7399800150,473133.75434239965
9517200180,331573.8426555213
1313300340,505172.17939084646
7967650010,374018.17481521505
8807810090,412708.1706378788
8815400670,740029.8655901814
2310030500,280029.5078608545
2241700075,318691.8578206229
2287400030,298953.95333764056
2827100075,275076.182952247
1310700390,340896.3584104841
5498100010,441095.5008959533
723000114,1428975.928080277
6431000987,451673.3513798961
3356407665,227140.88125071157
7852110050,551172.8497682075
8677900123,458787.0724825529
1917300260,219636.02727118047
3396800280,566366.9538517001
8691420050,820805.3810848097
9368700006,287144.56784701487
339600290,352638.5482179231
1592000250,613956.2277912106
1471701780,344548.28626545717
8928100205,641487.9671841238
5029450100,219602.44862611505
5493110080,2303206.6906304457
7883603750,285306.4411132093
1732800175,793952.1600603939
1518000290,347414.06709151226
8604900017,579366.1511996274
5379805160,310475.387730605
1254200835,618570.3228358201
3179100482,471930.73629473086
3313600266,201543.7051498555
976000879,702326.7810833077
8819900220,649234.9603724815
2130701535,323131.34359409136
1176001124,546432.8518687865
7893805650,388028.23284727
3885806840,779797.9595865048
3625600190,1186428.7026103628
8562790150,825825.5871887777
7348200115,221591.6700348691
955000453,494511.2904621737
6817810310,429792.1148149965
4040400340,475122.05320633005
1644500050,671901.0346830636
8029500100,348335.9699390574
5244801230,734408.6593640487
1115100119,391737.00881524733
9542400010,862048.9816312111
423059387,581086.2486386902
4023500990,279056.7001006127
7899800857,302880.55491084605
2976800796,212846.82749495486
1074100020,318082.3768358205
446000010,550130.7105046875
7942601200,448957.8196073672
3575305495,810702.4918810237
8691310040,770790.6125038096
6117500430,683913.215564626
3924500130,547838.1716610848
2028701075,537775.9164926211
4330600360,251230.29675093418
1324079082,476568.82978195563
9268200484,731797.767755385
9828701605,593044.12543313
7518506715,1028757.5377059622
5315100277,1400716.7818214083
3942900115,405059.7402193163
1561930020,477658.1994736909
9510970090,640252.7249768823
6163900821,341274.6404616982
9510300220,562841.0901826224
3869900146,314707.03299014096
9262800208,785252.7172011426
2522029039,519965.60702237015
6865200095,634423.528413692
3782760040,498596.5242533258
4237901250,609558.4062395721
2891000610,225643.6811512032
2749600095,485721.565594288
5422810010,372479.1510145613
3629980350,755714.0721977396
2459500070,290834.20626652945
5113400364,693039.7591549149
7533800885,714369.9185080603
629410190,772044.2158403788
8651431100,186491.30828359647
7960100050,507348.16465340916
1842200040,405766.99862161226
425200205,234501.2099465437
9477201470,387260.4678370954
7905200365,491330.9401433641
6381500635,312382.75398423115
6052400175,362372.7422888561
1236300268,512241.5430873633
6072800265,1571705.1538503184
3423049311,244861.824506989
3755100540,384211.2472445377
7852150120,387520.8034107628
4180300050,375283.8469620152
7625701935,339934.0874952028
7132300550,448277.1553862874
3025059093,2528145.1039957297
8161000220,454161.5846176044
7852011020,602397.6307320663
2599200160,384015.0356781224
5536500020,551070.5548100552
2095600150,272157.0095528813
8910500226,371131.15800934774
1681400010,844448.4266136261
1424069110,711009.5489577202
5127001620,294806.5548303596
7940710070,401133.7463030051
2413300980,292519.4981241109
7853400250,588765.9309535294
9542801310,295356.7825102652
1890000169,493362.6005425784
2720000120,324786.36789499444
9424400105,486093.5665598101
7888780090,278151.8292135543
3501100280,361849.57761011797
3905100220,503018.31802088924
723000150,965156.3637753972
8691310980,729667.3752427513
2297400250,466629.4120176041
2892600056,256541.26408767677
5273200080,475280.3161173245
5145100460,443996.0646691383
5561401260,567305.3639861987
7732650040,934370.2315967077
7504101280,960564.0277127388
8581400345,262936.88547354547
7129302800,368763.07920961536
9551201560,590027.7606854604
1546600020,636683.6537614455
2648000071,265947.72609435103
3339900640,220514.36024740373
7853301240,442924.867773237
943100262,318176.29252236406
7202430150,843002.4120371346
3558000120,335538.6068827046
3890600150,462727.74396298523
7452500315,277055.77254807885
7173700591,646936.4970467212
438000015,709039.2516272597
928000020,396964.66036620503
3830700010,410858.94262448745
3845100640,404083.3636202802
6675500112,331604.4333498903
1773100920,353699.30349235964
9485940330,408450.618873327
5561000600,474244.7318781903
1786830090,577682.0835879844
2011000020,247288.9573204389
8024200681,408370.98489896185
5452301810,1828850.6980607924
5515600075,270996.1112911813
357000135,1211724.0053555565
2541100010,588071.1128614203
1090000036,538403.2589203422
3459100300,423298.8743502535
2450000295,1012171.4936713914
162500015,418883.521262006
2592210290,800933.2713600134
5101405265,489704.86181669816
1122069019,677581.4418384163
7501000220,836718.9019858412
1310900140,288953.4863852289
3298700941,230823.3792799434
1972200382,416125.6407918047
5100402764,441037.75466693786
2623069069,604653.9301613776
6372000280,529566.1050854772
4305600240,476242.30311832996
2767602094,548110.4789245572
2500600289,179987.30256420208
7203160090,838684.5631778254
3521069146,554703.2885083416
824059321,1597241.4758951035
9348700610,803413.2331424191
7228501745,453427.56256131333
6021503656,437133.46825416497
5437400630,545373.808773589
2207100740,447270.7581835464
7202000220,421062.29871425376
629811340,703807.8614934065
1324079029,289252.1036179921
418000010,181469.91227029476
6303400290,196836.8427207179
4139910030,1220960.6393445916
3023039066,360523.60698133643
8698600395,193048.57653540047
2799800710,339911.81701326976
7351200050,604800.381462692
8564860270,495879.38266346854
2591830020,401283.89902009245
4139420430,1555418.4998280816
9828201725,537835.8976372797
2420069604,269103.7410709326
7224000315,183631.899258898
3861470120,1828433.856523212
3222069151,280396.44743323274
3869900155,342998.14295376115
123039346,300951.25407102914
305010050,663673.7932350592
2141340040,686715.1188877551
7504021310,720680.6538148854
2436700315,535935.8861362755
8732750100,424844.2987897315
3298201290,360797.2553202778
9241900150,1044884.0707420249
1180005220,227680.4257535855
5540000050,290253.93555443076
9211520400,250120.90486952456
2623029078,536709.5566979762
7132300695,385665.49013151316
6430500219,447239.1533406313
6084200100,396285.5371864637
7140200280,264196.3615385022
3904910610,611508.1456923208
7625701900,460465.640261686
9432900560,332443.32646287873
1388600110,233465.01617797464
9126101201,320926.24003269844
4224100030,386761.0632015732
1109000390,576175.8641234396
3336000296,263349.99450509873
7504100590,770288.645476198
2025701060,263975.62437516503
7527410080,668974.0488186515
7304301045,272378.4195778589
2591840050,449164.7107362259
2767602490,477194.5246519956
5494000040,990295.0956878476
2473251090,287123.5638492537
3825500080,494976.78189999255
2309710150,348369.1175911509
8901001335,672194.4090795555
1781500435,358856.30911065807
8835220200,363631.96650220803
4037500335,529768.0719343385
1338300180,1587546.3708276986
7968000120,270360.2477995597
686050100,958054.0412696849
1180008315,204098.75724028243
1657300280,424509.4207627054
7856600170,767932.0363837769
4154303125,596058.2059809957
3295730050,574068.9041816059
1777500090,690383.9788306091
203600470,658085.3856199831
6673050020,372020.7620402237
8731980680,271381.4771014526
2273600260,530147.2367731576
1000102,299207.65467548824
4197400005,533861.6256351022
3378100100,244948.91634596407
7856620210,771648.9059581178
9275700765,1047126.17637087
1246700136,409695.1410517028
4239400740,165625.93834533478
3306300630,195237.38076126637
2524049056,975650.4074450319
2023049245,235864.7174141553
3210400340,267950.4950218558
2621760350,316583.95457768353
526059183,414525.1932716811
8078460050,671976.8578393945
7504110050,708922.0290325521
3876312840,415341.8660107476
9268850350,331906.63368289266
8085400490,1237312.8648216256
2722059185,464308.13525395346
3644100101,342832.2878495394
1321700030,929194.04331984
5608000630,1452175.1609713933
825059349,1436698.4983514794
6083000071,245489.9500651539
9164100105,525516.8432046493
1425059145,448513.59711858875
5210200184,565274.2873081608
9477201370,428452.9362866742
2927600630,625316.9709063711
2619920170,789691.2243311336
1560930450,511415.7481000944
2896000510,535393.3394642835
3034200067,627722.6887542084
4025300360,367725.0979937115
3362401295,510882.6117986913
2391600555,395888.4533742325
7550801170,528737.2577403437
5347200175,266824.8534110609
8910500471,395285.82069619914
7199340560,467647.06059403985
9266700175,390934.51398754446
808300270,422326.40114677045
2487200875,477807.5992877127
8728100781,321226.138023308
5379804888,271123.7180323262
6619510060,403405.88091933937
5416500680,409455.8152503651
1862400087,406715.21107582474
2126049277,409601.8372574092
4137000070,301033.2219901111
8081500060,2149526.8437965754
686800065,974141.8574823134
5561100180,547320.7406518647
798000342,286603.79687244544
5603700095,548145.7964210287
7151700585,1410779.1833359061
8129700565,665001.165108924
2782100260,635264.3618044143
7011201106,389659.4130008692
2423069084,526654.3083528627
8141300300,321601.5513974065
6601200040,278685.2465100578
290200230,641929.2337874344
1423900220,241436.70590627013
7303200450,223953.0535069217
3755100220,395385.7900855995
796000235,191876.55296852428
7237501040,1185853.5148498428
7203220400,872387.5627525616
9285800275,833380.9530686215
2061100435,558756.1618257449
6414100025,577733.5213888135
5317100750,2607680.958405107
6145601000,473143.2468876682
5634500775,572006.2634760672
7375300160,607117.4694300297
9558050360,532595.1442172072
4151800420,519052.1640117297
3751600146,189597.5295409798
5302400080,573891.6227243625
357000005,710190.94442884
7283900306,439562.6733638498
3738900105,335528.92066562583
6822100305,607740.0454461864
7436000205,488690.51045954385
3295730040,574615.2962274475
1526300015,369356.5239937975
3294700101,282248.5672512052
8864000970,224675.83021760551
5469502700,396609.5004172346
8078520310,248085.97325078424
6154900130,313576.019757127
8945200830,194438.1589956481
1085623630,419728.5765082905
4013800131,222054.87956079526
2287000010,670970.5192445305
546000930,683607.557294151
4051100390,221736.67358929018
7203100120,698596.8951506683
7523850150,313350.2837936268
3826000665,279176.12591391307
1311800560,211145.77874277992
2877102180,504481.0361586099
3221059044,801471.0987077178
9169600110,570378.2357371274
9510920040,761395.0268695313
8813400155,748984.6829046325
3896100130,1006076.3126846255
2568200740,728002.2457762084
1217000340,316785.4187917594
6430500086,443318.0386226104
5634500234,516962.1977847794
825049073,494737.2946591734
2391601445,1182610.5806696534
7881500330,486413.78202110133
1721801591,169422.87119699636
2473390710,322268.21476126986
5634500891,340741.2648392827
5515600163,450693.5106216123
2560805630,260022.0342919984
8078350280,630442.8375705926
9477201060,390930.05775427504
8827901350,678724.9941064763
3560800040,394810.44220590865
3034200370,494245.3546885521
1328300040,359907.6795226865
2483200010,610025.2113697449
6071800480,416669.62234379724
6200017,217930.6125689825
8149600065,757028.8563469909
3362400615,498097.51322891866
7518502945,510491.923830717
8001210120,266463.0939245175
8682280340,414462.41623975214
3623500408,2463782.937681741
3764650070,474976.5189202954
7937600380,389843.6321608254
923000580,653112.347450787
217500005,416269.803644855
5419800510,242416.52736783482
8562901250,567613.0015067138
2212200100,296637.0390758906
2310100240,358951.11701659975
8582010240,617145.3262454502
8651410670,201419.82907154236
3330501645,291968.54289820197
8113101232,386522.06259985757
7849202190,338150.2232275449
1864700300,299275.0200900331
5231000060,274469.17112026404
1565900070,244209.87293321313
7555220140,693851.1303147452
7518505160,466448.74180658645
3322049005,618711.9865575281
808300550,407538.39899745025
66000265,383860.10128932004
2880100675,441235.4111478514
1524079156,400561.56375097577
3625700010,1606544.5950540085
3259400024,351042.7333128074
3205000310,397569.1602938102
807800190,284348.4189345163
2783600210,459991.5855937187
9290870040,830826.3727327664
2561360120,418771.25772601133
8857100180,408234.3820679267
4388000070,224782.8241616407
3860900003,1007721.8199330664
1176001119,575597.8737388133
6084600330,243037.90835890116
7985000100,232512.81812745123
8026200080,369449.5495184083
3210600010,738873.7191673155
7558300170,510743.0920146452
7852180340,420330.0309883556
524069011,667962.2984242077
3361401011,151954.77356264388
6117502455,266105.0033655337
5602000025,208857.87631925463
4142450490,302901.06521728594
5306100255,383314.22699175123
1795900120,574431.5236238191
1193000280,810298.9099365459
9238480120,524560.6973548746
3630200780,873724.8130746637
1250201130,442160.97622794524
7796000095,1308162.1606542962
8635760040,505589.8668928365
9476700135,272950.0451754384
5249804510,509026.892651447
40000553,250166.07917819807
3204300625,778731.7096479243
2596400050,403976.6464282279
2724069103,381498.3458596445
3744000040,428169.3905691805
7525100590,424837.99119847605
3705900292,411110.8757665233
6169900790,1626933.157941119
8127700735,1071883.5004457391
3761700067,957257.248193156
6065300570,971007.1094976902
4022902050,470197.1199665887
3886902590,578350.6682258934
4107100190,1729049.507072084
2909300150,642978.7149659733
384000135,425354.8070060283
1005000036,407940.6218297338
8856970530,341415.4537859547
3448900320,575473.1423260841
6713700100,391586.3278791731
2260300060,2266725.8786757663
7273100026,678233.4108590392
1277000020,896293.0718910024
2620069113,396627.0042502593
4166800080,327176.4240237864
8731902680,255968.02256152118
2599200830,227639.28196628988
7569500010,640107.2060892778
1825069031,660455.4024972508
4443801495,621874.7972621839
7805450110,735512.223008725
3345700207,543057.7115967544
1560920450,980237.6358104214
3629950010,440709.19180797786
3782100035,305786.50690007786
5561400340,748496.0763671658
1898310110,253004.97693718615
2122039094,599528.9085122205
631000040,530640.2060301098
293000145,352398.61593863566
8121100015,413946.60627782764
3205200430,374718.20369384874
2475900565,298463.57742227486
1651500040,2127439.007532869
3955900500,410407.6298533492
7907600100,263656.72942974605
3123039136,339736.79349410516
3972900735,264031.73900007067
1424059130,383174.36715087545
6792200282,256491.49148919748
910000104,278583.8990685737
3751600784,319803.9772438735
946000295,419593.328580211
7749500070,319396.3996895022
255550070,349727.5701557597
5151600340,282761.3840616427
5415300060,520653.1299690314
287000110,529165.7064416715
7585000110,187430.7893366394
8121200460,504539.3163426588
6891100090,891823.9128543977
7575600100,291551.5344847925
4240400140,616532.815879876
4046500510,324936.3274053062
2944010240,1086774.6792766126
3449820380,571191.2757844056
7203102140,332835.0874998261
8665900291,568412.11962989
1775930010,409270.84284715995
1118001631,1183182.3471002425
8911000445,322619.84455725795
117000100,615766.3984009498
9284800085,394106.52931295667
2795000080,479303.8077608193
123039207,371938.92981683335
1312200080,217259.95826474566
1236300290,1336303.7214346007
7549800168,473467.04261396325
6891100260,901436.9150102866
6072000910,551656.6097273553
3226049184,366620.43607879116
1442880320,506160.0552075191
23500190,578632.2007442382
6021502070,511184.13045634126
4168000110,200697.68106530485
792000006,175498.2093107242
9558200210,234113.95313182194
3840700757,664707.0394779511
3876311650,623718.0264304483
1328320800,343474.0521705131
5006000170,236347.58980979945
7575600430,259140.39260396248
7686202580,196756.16233399088
2524069097,2019429.6923191438
4292300024,348412.2449841164
2726049071,398547.9794645778
3526039019,747180.9946197334
3300701365,471247.6401199096
1274500170,202624.22437536425
7282300095,295044.40372677473
8562740440,728458.7534657787
3761100045,2419321.4130038535
2877104265,867771.3290864435
7940710100,510088.78572837077
6071000030,841252.9352511582
6448000100,1477614.8795877546
2923500230,2398326.985262316
6751300375,487579.00212475716
7214810350,466757.7631438398
1088800470,544258.3287444334
7129300420,244362.197359448
6149700405,299245.6279541518
9521100855,484603.9332558357
1861400116,701523.6013616966
2787460720,210461.7924212456
6073240060,671481.2572062719
291310100,398525.9529774898
1247100035,956920.0633175003
2626069030,1867104.912154609
1326059085,519701.89028096845
6447300265,3147553.246662445
8651401270,174555.8040121061
3524039209,859010.5177272486
3226069049,1081353.5385747044
7548300425,399790.28138789814
1438000360,513088.024217264
1777600900,713583.3926143781
5244800695,530366.1170043563
3387900390,254259.76096257626
1954700615,1095275.6500847484
1026049036,298233.66729846556
1683500180,230108.63759181474
1939130420,655391.7101706783
2021200530,1153020.0258263666
993002325,454799.02510769304
2780900220,280919.9643352117
2540800390,472681.9905879006
2919700540,586764.4339251089
2787250090,495691.4273187464
8651442520,253380.99292186665
100600860,215329.8800956348
1437580480,970013.3667939914
3886902505,646673.522182732
173000140,425339.2585949226
5151800045,512345.5197815348
3010300240,503506.71774683864
2085200261,312534.03452456143
1839500065,278410.6811120557
1049010300,381011.2751551517
1328340540,309189.49555584893
8887001625,411905.28265197837
5332200320,673161.0244839006
7137960030,281152.83730717533
5468780250,338378.01017763466
2436200715,567534.7502866323
5137800030,307517.7736031985
1068000520,1298626.3751358734
5379805121,416119.5846068774
7445000105,417944.49892828026
7942601895,756551.979810593
1727850350,1168318.9000147437
9407150310,310794.3372230373
5569620550,753107.0811627812
3179100480,512396.86624145956
3624039111,218450.02817292823
7844200050,302816.2601486792
3304040020,384159.6146440717
7739100155,815608.5151857487
6099400053,193257.54770892172
7468900270,189654.30087784387
396100025,374841.7784873793
1160000255,338274.37073289836
6300000320,360843.2314428593
6392000570,368804.98092860926
7387500235,353083.13492494676
1121000058,576150.4794395196
9828702120,550390.9216442188
7715800310,455991.8915097253
8562740370,720632.9092659012
5637500070,402257.3496806963
5561400470,580597.4175262647
1189000205,457770.3380049
2412100025,405799.44699951564
1073100065,322546.016411607
5160300020,561951.6147819976
2770601677,489934.27582591283
5104450070,411212.85875287344
820079043,373357.3933433321
751000190,335521.45441304904
1823049179,348963.59536999906
7430200060,1250397.139643555
3331000035,560702.0585818125
1775910370,579849.9370815174
3626039299,535845.0396267025
1546600125,722892.4684646826
3260810150,327001.4713981152
6817800330,304673.3548488978
414100045,410436.20246399066
1326039061,392181.2818859009
4055700030,1299169.990704961
1225069038,1943937.316814254
2296700260,437432.52925435035
2822049160,209070.41676596602
3395300260,512027.6160492855
5144000036,327974.3970635122
809002290,819601.8509916412
7334501410,327837.52943917835
421049114,190335.72164145487
2623069010,723172.4955127062
1133000144,562838.586212701
705710290,343597.2274657496
7313200120,608452.0526576097
1269200150,301276.41211251484
9264930970,309193.1311897176
6819100020,1999656.1154017283
5112800421,283705.2732714483
7846700850,267597.701360537
7227501450,248699.4380683869
5451210150,587570.6599940403
4140900140,435391.9988952385
3537900180,749154.2402599124
7738500475,461201.96778110345
3541600450,410349.6250847778
5379800040,307783.7480651529
6664900330,271111.60878500465
6056100312,355566.1816175539
7766200013,538131.7595045677
8651720470,464847.12101407786
5690500095,860564.9669160963
5423010180,756029.6639678881
3204300610,558505.7589002557
3425059066,554251.7404460756
7856660130,1027124.2088602692
2954400520,1090478.8512378326
2327000110,896132.504121146
9526600340,726647.7526242493
7695500200,446659.1187995421
7237501180,1163471.115738613
2008000550,264862.6726788719
1123059126,579680.4328915657
1775500371,774024.61744537
3459900230,1721491.779440038
2619950310,459071.6421804904
1771100330,348488.456558727
1321059097,370015.4579374222
2420069278,278434.9468417641
3832050570,303584.1232613119
7132300525,436870.1394652482
8691410700,701265.52883221
7967000150,343975.9788656301
1328300810,362769.75980484276
711000110,1365648.2749635375
9485951460,453851.0925592748
1771000970,349033.9379535734
2817100900,282769.1394348951
6817800630,354259.32354674104
3558900450,490614.59364594327
7215400770,377731.89348120725
4222000320,199889.28191026984
2791500270,267955.87404311687
424069018,825695.3226784675
9547205180,703565.8998320679
5631500947,557772.1998780498
1425059193,1216721.937563566
567000775,419801.4127332915
3904900610,522484.72666443046
3649100346,435538.1327879238
1624049228,506873.015649351
1559900080,360308.7200390676
2919702040,645131.1342124025
4013800206,198217.82862543105
1025039292,1265043.5925939754
2771604640,708875.9810456422
7203600550,283157.51850186643
1545802830,267440.8655084925
3303910010,588741.433435449
8617000060,903413.6106956186
7889600190,255060.63487811058
3325069064,510412.1716950942
6300000337,559342.7851279158
1172000150,304434.8813079752
3348401319,366844.06937897886
4188000490,866467.4410085932
7779200355,670483.4687880443
8029900110,410528.84744904307
4060000290,210909.14678246184
9475710040,391207.2220163574
798000535,229945.91783116094
6415100410,395180.9505084342
4299700095,331135.20282756694
6117500955,406618.6416312322
2421039075,220918.76599357885
3362401935,516923.8416488401
1545800205,281162.4421541428
7645900235,741718.9253602591
4141000060,1079417.725233067
9485800050,664826.3794613788
2436700280,821198.4294620814
7335400400,223188.90591135956
9294300495,814334.5357140318
6649300190,452167.53968321957
7950303270,359348.2335614394
2391601010,423214.17489243275
8129700728,586291.026765827
7871500685,592570.4138301999
1498304065,560595.4513151485
3862710010,418114.58839846175
9209900335,543384.9571727185
952006857,361871.12074822816
2322069168,529222.0089602548
1775801090,475613.2602250271
5700002165,562868.4290871655
4029400080,407404.30764456076
7796100080,938131.6747087955
9279700150,1794162.6517230954
3876200060,424847.1719815396
2934800025,319663.71811434993
9359100101,928292.8201907657
3330500335,251319.53635400132
4027700466,400653.2339275543
3204800430,416680.3133391822
5415350770,735309.2676897233
1443550020,492199.20607003575
2810600022,345951.6740433195
1238500281,556265.9525168199
2591020140,463402.13243998727
7137900960,237842.50521899734
1328340630,276590.5068630419
3529200190,339564.90390608425
1624049291,811566.6119309464
4083301120,601109.7180859465
1873100060,670527.0984131291
1773101159,300837.67670843937
7214700350,532217.3416580996
3856902250,563708.5092324811
7169500130,498706.2689793009
4038300010,393078.8502300809
9578500810,404886.7244208716
3345100184,371426.8124468094
452001860,479599.7477769656
7905200037,508167.0321066261
9376301110,507581.7472738609
873900240,301642.6752750145
8682262400,396695.8635410169
7227500910,185301.10428302968
2392100090,453942.4584081264
3221079050,434530.6544861342
4307320280,356253.98035986745
3211270170,490566.8569003946
726059483,685802.2601695656
424049043,636745.1638913902
6865200140,598850.9490418708
1155640050,419334.54835718253
4139430250,1501952.008769935
818500100,209710.52460585162
7999600180,196346.62304380216
4099501215,826438.0719259277
4046700140,432315.6589651234
8857600490,217510.94807603158
8677900120,480816.20175847993
5379805253,188164.82149889343
9211510410,238273.06415018058
2337000150,266552.44752116175
1423049029,285739.37369735254
4036800580,425966.58300736314
3942900010,328825.9805957924
3438502715,406473.808985503
7625702441,392037.303547445
3905100610,463074.313082161
2218000335,497744.6782085484
3034200516,379171.62457967
8024200625,385220.13070837385
8564500020,319934.6578529879
9550202700,462637.30515156535
7518508625,635870.3258649427
1822350070,378403.54993271106
8921000040,839954.4485176965
6648150090,1844232.185940166
2402100675,667589.7155808873
42000127,280050.9534185804
5100401160,468391.6430678544
7347600507,242941.51046894575
1839910300,357841.85681470664
1250201550,760013.9004103366
9460000010,293009.02452970657
3356402232,202655.74844455865
6819100150,617780.47468654
8645501330,274492.6859910688
1556200005,837985.1278463418
40000228,204272.55392262278
7300410010,372470.11545014713
4299000030,360785.2789491754
2629600016,488207.837369579
662310900,373219.4632348554
1909600046,482009.42784203205
7893207490,223628.06877461547
2524049318,1675338.3419671138
924069210,746107.8766271614
1591600527,334787.2604582451
98000060,1293262.943646895
6392002020,595782.4320924567
2719100400,435465.1539288481
8018600655,437904.6367974805
2141500020,426085.0641982106
3277801580,527808.379606772
7237500110,1006138.8826143567
626100023,599656.3448099296
4319200820,375243.3831790647
1422029138,512170.1809164426
9517200610,354942.32121359726
7334600280,268739.3773134103
8820902400,600672.5083480547
8944600060,507999.29177551664
100100050,330352.9680510643
8074200100,244178.79473197463
1836980240,797605.7607243897
6648500440,321671.0475361397
9530100225,639027.5617978194
2883200875,657159.2712557366
4218400175,997045.4302340932
1022069183,616580.1768955662
6398000171,479752.654246828
5021900160,658763.9676175712
8078410250,506784.820008
7972602490,285285.7555389674
1962200435,844318.5453345625
7221400285,272157.0903770803
273900030,234456.24813560123
2708450020,498047.3205814418
4083306616,420045.5045999079
3034200435,570190.660931609
7855000550,1240144.0976882137
871000155,615104.398968899
8024201714,525834.2162753368
2625069038,1217386.7867964997
2324800350,833137.9019065409
5450900010,1378957.1960954024
1822039225,525158.0465374049
2460700700,296439.5744599583
6679001060,322622.360050562
2422059111,359298.8871815788
1250200345,315281.5624342637
5589300370,333445.48243369954
2021201000,1343816.3926798084
4302200336,241726.55631795616
1328330290,340791.1239046592
3438500781,443691.81861289137
5453700020,765820.4834358413
123039147,403098.3058213453
8691310070,919744.0559883444
6450303785,306392.17536889674
114100234,451769.10527392826
9212900820,514208.2212957555
4270600025,314644.51677074574
7201600190,459240.2800469529
521049227,745904.7443761597
6300500479,404887.52785394515
1432600100,220196.4499056326
1024000109,360834.9709484485
1430800100,335031.58784326067
9164100125,589548.6337563276
1925069183,472869.75167740084
7852160080,924475.8103541908
5317100780,1300351.526353262
4083304835,575856.3619787005
9478400080,795468.0365409325
4463400195,234188.17000746
4232901525,520155.04686530435
3845101070,388534.9218513884
1843130980,306111.1502502529
3810000480,299055.71370774694
7137960440,288108.1478180147
1231001115,377530.36622203956
5101405340,491254.22791425895
3723800409,569628.463091027
8651430370,189171.2882076152
6135300010,233535.98148759865
23520380,494786.82052652055
2935400100,528797.4830848454
6137500320,959978.3355136773
7841300230,299806.10305775615
3521069051,491620.49062972754
2621400080,311236.21150471945
5104530240,328270.492231801
2022069200,417836.9752387294
5469501850,409981.23062820954
9206950110,334833.29340238136
3298300210,368660.80059043394
2810600015,389149.3714682306
7298050090,500083.17696000735
7202290620,445658.174432054
3211290370,406421.7456782163
1591600506,376333.63708668854
2827100070,342426.68759239645
2482410130,381580.74250195705
4364200125,438286.8179491907
6388910730,567270.560309046
7436500120,511221.8914209478
1822059156,752874.1656047578
9432750190,530091.0760619645
2205700405,450856.3690486206
6056111370,347757.40715314395
3205500160,406399.1816719965
6139100076,389082.276968086
723069135,427171.74791318993
4123830070,309035.08928621263
2472920740,455630.0766930174
6134500220,647447.280187165
2734100395,250807.41123287647
3574800090,418755.8999496241
3126049107,577389.2679549049
669000210,1038187.5327827111
1139000620,293338.99899197725
3825311190,708301.5642649021
7300400320,375918.24909932486
9407150250,299213.391005044
3679400503,335815.4590424116
641900050,439175.9880917839
9169100130,591230.0547415745
8091800140,330197.68292071467
9547201155,495619.2164968497
4154302045,300031.75808659114
6638900265,791224.1141385825
1423069063,439827.49773927615
3335000025,423414.3627497773
9269200650,294930.61503062834
1781500180,354919.917857999
9211500520,238099.77898629993
1853080150,846562.398498731
2767704756,467300.005581267
2206700295,438982.73056043254
2557000380,295196.03603762074
11520200,802262.1602934512
3832710680,234889.20151677288
2569500210,336230.18235869374
5230300210,245118.70408643183
6447300225,1444410.242935413
5035300325,1057876.436448844
7853301660,748619.0419844966
5411800250,352268.83822669345
7203210170,710108.5297589762
4302200415,313916.1478195719
7942100290,202568.7236367798
3629860160,812847.6483094055
1423069076,610595.966601862
525049085,622057.9924115497
3306200230,220226.018860159
2193310300,460219.09396852116
7978800621,245945.78119541646
4027700632,454933.35829283774
1761100190,237141.94376780832
2749600245,578664.4901986134
322069141,484342.84060050605
1900000035,209469.66263029023
3361400190,187572.03061577436
1604602050,606733.0683093481
9421500160,449471.8527437709
7788400180,287606.9457064535
1566100625,463665.2743898406
3861500340,240882.55080658392
2524069072,367246.985746906
3013300980,412045.84919172386
4191500130,607070.73636219
9407150130,311239.32452265755
3904902500,723125.0825291636
9510900140,246962.3610799573
3368900084,303781.95327805064
3432501415,281052.57727054943
4254000540,492641.98007442977
2767603250,567964.171425976
2923501130,624628.4689244479
9183703045,278084.64044438256
5279100675,338111.002256799
3905080310,523687.6233361469
2461900375,616066.4523043726
3346300356,551047.6790127847
1865000110,375906.9826127315
9264930400,290564.6691692581
3447000100,606026.0363886519
2313900510,485346.2558912084
7518507330,579449.9002429494
9368700270,218488.94116753648
1137400420,383632.14933802525
2023069054,298059.85019296553
2141320230,577142.9081302218
9536601295,366149.01326226525
2424400130,376874.9617097212
5210200081,471161.2911695498
4443800785,553594.4640514947
7292700005,556339.9989631879
9834201205,312646.35672010866
3275800050,285134.7155749452
6926700654,664834.3380999094
7511000140,1357870.9545837122
6821101895,603025.9776324152
8964800695,1175099.6238233037
6821100195,641365.0167150449
1226059105,617366.5281836258
2806300070,1309192.4987666274
1720069029,350187.55868847924
6384300020,454666.4448245106
8928100125,640859.7625279962
8562770720,550068.683263899
8650300130,746621.1577478556
2126059172,463992.2729859025
8812401450,787038.1968116694
6646200280,632542.5514921334
4021100045,531693.7832218895
1155620190,430845.02580712526
6061000010,377176.63550482114
3362400472,396306.01758600096
9558020240,492850.89832975226
7309100270,531850.3423573594
7137950210,320676.84040302975
7849200635,215833.207144864
1311200460,254897.18622180464
284000095,1057731.8504616825
1509700050,327148.4469629444
3438503014,264530.28780454095
9406450090,331529.1814052883
5096300140,396285.43125416344
8923600020,1382069.1042983744
809001070,717011.4202785732
2291400342,306904.2334007381
644210020,832511.8419922129
6700390090,271402.3904568254
5631500285,818811.1566259937
104560120,277916.91650664434
6413100311,343321.67179249803
2558700090,439867.9691127821
1471590060,692972.1321406579
8914100170,535300.7488525498
5652601035,352719.5596593104
7852120140,795765.0989920363
6163900952,378315.6633898397
5215200050,710293.8497515933
6352600490,757589.6376397717
3912000020,557349.5436605363
8830400135,222075.89429657132
5467500040,407429.98462168314
9406570300,393635.4222731688
109200390,238604.9518247908
2025770310,680917.4077371007
1939120450,715690.8331707832
7524900003,2755600.9417625465
3755000120,356208.0895747917
2473002850,525208.9300997758
7625703945,386536.30800675217
9477000190,427070.6508756957
1727500230,434073.7077247983
7011201087,470351.9280059642
5561300750,485069.4387777328
3969300030,188592.6236933014
8097000330,318195.6963691818
2025049064,752338.7654915494
985001321,252051.42052010942
1775500050,373284.91287167923
8849300160,440100.43990870984
2316400285,450424.1910156056
2423020180,578876.323016894
7128300500,466509.2204610581
9512501400,399020.14994474547
7200179,156461.3640407467
5490210670,493940.92668201524
9527000330,632997.3122616241
1972200326,481809.06523734226
4151800195,534767.9779096324
4046500320,400089.4785801277
9834200885,456069.8117756468
8161020050,549833.9256162349
2891000750,217403.24015658908
3426049031,1213997.023305027
7387500195,291194.44141962053
6303400395,134367.28909028604
638100015,348733.27980655094
4107100204,1893962.776617682
537000255,210709.86709721384
985001266,287353.9211504792
1137410040,443441.39415195654
7229900250,236778.1403560262
3905100840,501486.3329053793
8100400160,602941.2939063371
1346300150,2758362.212300538
1443501020,225711.8833435291
5490700035,368033.65110210486
1954600050,473048.32188354916
8122100690,418451.1288354205
3663000070,564133.1523522453
5101406375,448702.73622866056
426059055,595936.4426963815
9268850160,393954.8337785948
8731800840,254993.87915562416
3331001910,268720.26995355665
7603100020,982643.4401853825
809002705,825144.674008755
4364200075,254053.58891446813
1113000430,185874.52947837795
1176001117,611755.6471685469
3320000212,407645.6185949906
9286000150,1345850.82922731
301400830,255838.59404991113
425059024,667390.8403198785
8835350300,556896.1795246621
7100000135,268877.5469719493
7696600240,212798.4889854283
9808640320,1094981.827930675
3764500180,547468.114413897
326049060,592959.6257417917
4017110200,448577.8538841209
7224500300,216376.00005106462
1560930050,501269.52453222976
726059395,443767.74025279924
8964800890,1979701.798621663
4045500620,616013.809888485
8562710250,976903.3060926268
1775800710,343890.66660946026
9528102865,735140.010542365
8096000060,594427.8788442732
1591000015,283483.371064088
2310000430,279841.43524154596
3902300350,600878.130067443
4068300280,266316.379440227
8732130730,256096.86781883295
6791100410,515418.5296728332
7660100236,362650.4485647894
2568200070,853644.8927948984
7697870310,253298.4797957206
8562901100,643039.316290473
4016800120,296353.4000901731
7338200180,571183.5223111361
6791400320,257627.4540311021
616000200,395014.29510612116
2917200675,461526.1737277756
2926049086,652026.2277152636
3621059048,416274.1575280492
7987401095,751559.3814289204
5589900590,380817.26608229685
855700170,531420.0370220032
4030500130,299667.8373300196
1755700060,366435.8887549415
2413900050,701749.4950042006
2489200250,457575.747496539
420000085,251372.22010810187
8106300820,455871.4002446061
8651730580,430604.16400375904
8106300090,432002.5358173562
9842300095,472737.7837831795
9477000280,388063.8908687924
2877102495,406605.62417736347
868001030,957562.834584702
8564860110,558632.483998187
6762700452,534010.9397010732
3294700310,170871.55650581254
7231501665,246166.6412336762
7525900050,584348.5196847402
7882600326,1461267.3781403247
104550690,293067.5570591968
3425059076,1314039.6098191175
8835770170,1342093.9532974572
2581300010,1078780.2227465312
844000180,273120.7027300355
7888100240,226636.1933070919
3845100670,472943.1667124068
4027700812,487473.7631731426
291310390,354974.80126193346
9550200370,657940.6027543398
2328800130,269868.13352427556
2372800100,236571.86508203702
2923039264,626659.481901412
9282801720,284983.2776561645
9520900230,566729.0189829086
985000955,257164.4973312423
1099600090,218838.63995844664
9211010320,535416.5184490288
3825310820,812859.1676098759
9545240180,565014.5709801498
87000245,178861.60037721414
5041300100,606759.8739085818
3624039150,254649.22391963363
1370804430,551710.1788783354
722079056,487610.5463307244
9126100815,518903.9291296193
1770000490,358859.3457960217
3995700250,392220.13676589786
7214820400,415574.21403955406
2473411130,346591.4969906641
1824059079,870760.8391796678
3080000030,496650.78098526644
984200540,308000.68926488893
524059063,1798123.2844984354
9482700475,744139.3207109817
8024200820,524701.995414662
8568700015,349959.86819861876
1223089050,363367.7859111585
2205500400,471671.3272095585
1279300085,730254.2186779551
7376300085,445775.255135048
322069020,445224.2336347322
291310150,357559.9970147831
724069059,1636349.4589135074
5255200220,407719.626998454
1931300850,459794.75637962105
4427100105,400891.1622111104
2881700231,348556.6812285868
8641500280,309327.4375396317
5406500440,652682.0809835838
8078390150,696709.6497417772
8945300090,204037.99956989085
8819901030,811730.7767409928
3179100220,748956.3126561139
2126079046,353954.7031249077
2621750350,319172.57345589116
4014400190,508757.93373483367
7853420110,582404.5733843705
2114700368,311825.555575414
3438501081,290396.05662094464
6850700670,784452.6110821911
3352402272,254615.84173074402
4157600150,612034.8584354474
8151600941,313348.04895722546
5160300030,552864.4383252116
3820350120,335162.29304904846
7338000800,200576.31398236452
3359500110,770085.3431027739
8016300240,618551.4836630942
7203120050,817045.8967290723
3322049201,240448.29695236753
7231502505,214564.00017863457
8106100105,3184075.02438944
3895100039,888145.2679019251
1001200035,220940.48577621797
2724201202,240233.646441144
4038100110,501848.06407967384
8827900015,612503.8279316588
2644900109,406911.99207347544
302000375,229635.42701029027
1604600095,366773.8765478721
2600040160,602675.9563898761
2129700525,322763.5930675031
603000555,343464.7212150724
4083302225,848836.1011198236
7298000090,462314.1644564294
2484700015,541004.8967607307
8945100320,214813.6001482705
5112800042,441156.3804558739
8091411100,295633.87271332217
7375100070,462275.1710544306
7577700061,560595.5968906449
7923700030,449971.6374718244
4235400186,448666.840570896
1498303700,740953.3232323787
3876312350,406190.65950527193
3797001815,397158.00266364496
868002015,1204939.0774847853
597000550,417778.09304954216
8956200530,407252.9551778191
2207100165,459703.62287099625
7942100180,220674.4692706026
2468800040,328672.044677746
9842300036,410719.15596462484
5700003985,2035547.9154421575
2988000070,386875.07689236064
8857320260,561892.1681012902
2600040130,519068.93103585084
6632900452,629944.0850520112
7518505910,561544.7930432537
1672000170,602667.4726697474
2597800010,532207.5595155143
8562790720,712100.1948181287
4219401080,1938403.8926694097
7000100711,758103.0077594487
7954000125,618969.5515349301
5700003640,2123533.1721695443
5700000275,741919.0077134597
4019301205,493105.9526001068
8943600360,278527.8005272415
2954400400,1156349.0253893891
1321400060,264584.3955432024
2255500123,606944.721019601
2781260070,406964.32908747357
1313000220,679504.6149014313
1125069153,1417259.0381660503
8899000310,252365.43234155982
4139450360,869123.3283132734
5511600315,496006.8889161123
3575302575,501702.8153141475
3226049054,502713.9338963531
274100090,328509.6699460243
1545802080,253585.08924079998
6669020500,315272.5547873185
3307700405,516375.56992797984
3760500407,1959470.3709210332
7853270100,736566.6872582103
9320350020,619002.581115688
7715800430,480607.0091668847
6791400100,358920.24115474947
7708000010,404984.0637665331
1448800010,278156.7009271868
1782500035,320343.1196453999
3449500050,491865.5337610167
2856100515,866797.5486037936
1245000461,1045040.1793356838
1219000043,343252.6994587654
5409800110,370096.0491613223
2680700010,623881.7827320118
8143100350,368750.4238289145
2597150270,263618.3691598995
2966800010,367058.3372306485
8854000010,796405.9370065551
2207200635,432795.8928918268
1722059222,284026.75995602156
9358002305,315492.0254622071
6392001950,450135.03606718406
3630080070,386592.21103938343
3797001702,1033805.0248892189
8127700440,654344.6756794661
1446400785,185048.36811109202
5016002275,963330.6301392419
2818100060,1145916.1012064728
6431000748,361679.54390608775
7972600450,302448.8302512773
8078570380,311199.94209744065
7889601320,217984.15918701026
1762600280,898926.5010088694
3026059085,1449136.446791972
3475000080,620624.2824464017
1370802620,591714.5821207464
5151600285,283232.7430757051
2722049218,329566.189024001
7696300080,398617.3978769628
4168100020,221122.77503696477
1474000050,425398.83757699543
2473480350,326351.2758775051
1139600270,288583.89416229335
6699940120,357298.1618658079
7016100120,416279.2102968026
6752510010,761153.4600123763
7915100490,604009.1849093107
984210170,314475.26295044855
6159400030,423230.1058960835
3013300968,366090.03904035507
6404600006,251465.4667852833
2770602170,404151.2743337795
1922059401,202021.57811169472
291300010,329810.99747537833
3856905185,521475.2993870749
7304300905,309036.25713375036
3416600185,565923.5272459592
1786810040,728632.7402925577
4354700010,408503.99691784463
3902100175,795821.3759607704
4305600360,479356.6122488685
3622069114,581124.0976310114
4376700570,601514.8577724962
6795100589,561142.449426033
3344500085,502855.42708356015
2206500105,421042.08609373745
8731900880,342319.2839863792
1682000160,204332.33245510457
5104200380,223621.64412647596
1982201595,550747.7924419851
795002190,213574.69263108555
7228500375,529221.6941405968
9412200280,440380.41735223925
5071401000,849859.4981846123
597000566,340942.3054547132
8151600101,175528.7812310384
2028700265,486874.76501529885
1670400090,196937.32261034986
7851980100,1112354.1211129683
5595900345,436065.0232656541
4046700300,388061.3254526637
4324210120,277862.5854468501
2616800050,566804.9452731372
1525079069,711049.7993981699
9828201020,504521.7917859902
2723069146,687270.3713883165
9468200100,524989.9652301366
2883200961,558680.6116049412
1137300690,648856.4181155445
2473100280,339082.19721677527
723049448,268779.1590778253
3066410810,691262.9782876987
5700003280,1006932.2543530416
9268200440,406771.2732631944
4053200410,291013.3393874121
1234000704,1250915.91678494
2473372170,440450.6254941056
2523039239,249256.59539296597
4324500490,229233.51580996113
238000244,507428.6594373962
1105000571,365046.11153541895
1771000430,319650.4878791858
666000142,729502.3660592976
3389900800,399766.04793083126
3578700017,575475.0110345099
3629970190,745984.6565360614
255450250,315988.5199700554
1154100205,300641.4284151868
3629890190,1230855.4773251733
3905080870,520292.20105673105
8155820110,283413.1157997081
5135000170,773830.5554645895
2464400435,633048.3935153033
9482700080,543935.9245765101
318900080,433627.9324334377
9477001410,390223.69986878545
825079019,671810.7426641968
1471701200,378567.7990560847
5606000120,809879.6715076412
7853350220,628813.4510837529
1776460110,456670.6285164078
3904920980,685713.5639239912
8087800430,567563.7580920758
3298200320,417980.2134852863
9122500080,290924.80592118873
7893804845,332356.4921697275
1370803730,588275.9738390152
8001450170,300332.98349716177
5561400260,655356.2795791522
7308600010,794342.9873692109
3524039060,305126.2650920283
7300400150,365528.2313614394
207700050,587276.9751433458
5595900355,234583.0497506447
2652500285,846902.6614939244
6744701310,2174986.8645923785
525069127,1219605.461921861
3334000050,373344.46116815624
8682220390,693778.6953151379
4038700380,581905.1272108551
8073000265,350259.1691563685
9521100960,722452.4080715359
5634500688,1105290.3321501017
6813600440,421310.4886728388
1072010350,531317.87883991
7853301700,674937.617427236
5141000571,322249.5735598682
2013802060,495335.1290447849
7852070210,1431440.9047665414
1402970070,359967.65569460805
2310040020,361627.3640299609
646910560,262863.35232553235
6647400090,424739.1931311892
8682231110,538784.6680352048
4376700330,575126.1496328065
8069000075,676581.0994052882
7147600220,213748.26557879726
4142450330,269313.97071167163
5101404698,408775.9226261118
6154500070,1000354.9994174642
1592000640,608357.496240595
3756900027,546246.1584815321
7203220130,912260.0803630577
643300010,523954.39983041055
8651720150,461527.4908898593
4139400910,765117.2397557135
5054800110,331018.7957013697
8835200330,423836.1519358883
7682200340,249899.46303571181
7203600745,422128.74940166855
1895000260,230708.2270798788
7922750020,536370.5114898077
5437200050,395168.55912561784
8732160250,257898.6815183904
1442870440,511067.99033414695
1471700410,394586.1599217347
3204800330,397621.87862172385
1923000160,869066.7568880524
2719100013,367958.8015551576
3814900380,372945.7531357171
326049038,498058.0420872443
1068000110,985631.7355419081
8835800010,1104103.7640235852
1560920200,474561.15417219826
1668500090,689285.6725221687
2597530070,833542.1795164302
1139000035,580821.8307525011
8032700072,511404.8270704004
7732300390,686311.3128605017
5130000080,491032.5758382645
9276200890,482045.2206817186
342000036,446970.60656558967
5126300060,485238.9828529022
2331300505,696324.1520694544
8651410090,192466.52071910194
200800330,436877.2747356405
7520000616,332632.02797506633
7170200110,463983.4316893456
3021059155,221307.89574819396
3582900280,1016399.3539060178
7340600845,218589.99788571906
3905040060,516515.06957609137
3224800120,296947.86104897043
6021503740,507534.4172648144
2570300130,431190.17914915737
8121100395,546517.8779951107
3356404198,286919.1441530297
3630090050,769569.8864883733
923000413,423734.5152159042
9201300020,1409668.589877836
1777600210,639832.0104302224
7738500731,3725966.8126670457
686900010,905192.6836755751
7967000160,338566.0028771613
3413700130,581633.7767048631
7852190290,584580.8142735818
1180007375,628988.6013191915
3353404510,297899.42434290756
7802900380,340376.6944799251
8021700715,614465.1277054833
3205100080,439331.78751723893
4477000290,604876.4400188451
1118001645,1331500.6116467635
7979900806,321956.12663597375
7228500415,732809.8938690814
7212660640,316566.2658353353
3826000735,211995.2943280943
7714000250,420728.6313033392
4400200057,604332.8695237769
2487200279,565583.6566903624
7140700690,271031.01485328085
3304300080,564992.2449097988
2887950110,256153.9705875687
3760500222,790497.6062122685
9269200786,379728.1531864712
3734900110,171422.9617114887
5045700400,540769.1473608504
2140950130,453759.4335985827
2612000200,373290.1063687576
8563300085,445234.6266481542
2425059173,633779.7163862648
8091410930,317337.3593276754
9422400035,638138.806268611
1112000100,634157.1535208595
1323089056,373167.0570031013
5015000596,827670.4183582165
1535204165,549470.3786944265
1438000430,469761.8304397702
3222059130,558404.3360577249
1982200330,614978.4672134916
6624010010,227976.3520604694
2303900035,3385710.743473434
259600620,510673.0368630745
6072500490,507792.269173912
123039633,336978.52140963176
8562780090,324778.98531790625
5249802240,558977.4255738663
6071200400,557594.9128528086
826069002,355598.1411191728
2625079030,834988.5309934051
6742700210,1306990.6970466485
9253900408,1886566.2621835414
2560803085,219171.2328321492
1237500540,281589.88811327366
425069020,1137008.613713978
9185700440,2102562.932220148
8656300345,386436.4988033996
4245400045,266990.7034793839
9834201370,394076.17820516834
7853300770,420393.4778880528
9551201295,481845.8330247206
898000220,223026.75959127856
3834000720,370357.960971751
1245500690,732138.8581310586
4083304190,623524.9739947122
4178300080,762135.9403053414
2960900045,588596.9839732427
1446801030,246175.76615291458
7855800910,725518.4173168811
7853310150,639114.6038270834
8732131090,273204.0996205699
7967600285,444638.1473099575
8651520510,586521.6370016029
5379802650,255522.33246964883
1425059174,470050.9941607381
627300105,885970.9082330959
3124089049,457130.34598455543
1778350270,724167.4907641486
8691500410,390101.526179451
9169600043,554380.371213768
100300500,310782.1774004003
3221069054,687874.7195872745
4443800385,620030.8833442943
7922710450,692074.266642004
7880020030,702947.7572290819
3288020050,327958.776290606
4136980090,723312.2017240443
1687000240,305324.35532289674
7812801785,216443.8291065311
1126059144,608632.2828459421
792500260,346251.43280722934
3222049055,712778.6572909569
8635750090,689733.7904515805
2767601280,876098.8809456441
5347200162,237494.46799785088
7503800210,268514.1677073993
3394100020,1149768.36545616
7663700783,408928.56187603733
9454200030,441601.52683485294
3791500050,296741.01780168986
582000185,612544.6842952942
3211230260,423204.21510177676
323059103,375314.5461152635
7297700055,352386.25345163967
1545805460,263020.62642501487
2341800195,342631.307023559
6648700150,266080.85056582425
3860900035,1759718.9768739557
1980200236,583349.4950216081
1180002745,310576.5006934688
3275890310,712648.3009568052
6840701100,514708.5335901264
8651402750,162610.2605203864
1588600045,397806.92354541726
2422029094,274805.7311442337
1702901500,351382.51060590474
3755100005,498634.54444425023
3624039074,300322.91587296425
7950302995,406175.05876487005
5273200060,644328.9792447588
8025700460,271453.2298131189
280610020,1089381.6126638798
3333002450,397848.74255724926
7379600240,498391.63063207787
4058802300,311016.7078357887
302000065,186595.9896773468
9527000180,555404.5488893345
3626039403,352437.0326394796
9510900360,247213.584534677
2310040230,355442.9687297289
7308900490,598356.7953031183
2206900065,416167.0415857558
324059161,954267.9035800009
7345310100,251679.9781291391
2422049107,340545.0772426366
8146100095,670815.1756272172
87000283,393308.7416014007
7937600010,323495.9890621928
2618300350,253328.4826019838
224069102,505881.88472006837
7129302095,237760.55593109463
7352200025,975612.6795400681
6163900333,327874.71110284823
3528960020,702787.2152695843
1687000220,306374.54230870976
4141400030,574630.3963339613
1822500160,349734.7710741594
5467910190,398036.8998137715
9331800580,255091.5883088353
2407000405,202044.5809359771
5466700290,268727.5399205762
3026059361,498681.0411402184
1523069096,500466.87221884343
3876312010,421882.44746381044
8832900135,933130.6777119286
9238900616,561035.668356809
4142450040,289793.35648887727
9282800065,268280.2916266833
5379800862,354650.97719385393
2459950010,298201.7348010249
4435000520,232526.42017834785
1552800010,320164.5508036959
7549800543,309721.6234692385
9828200460,418869.5881942366
6345000160,1032670.8266485975
7129304105,326265.8245951501
4302201005,319562.99206751154
2450500110,718592.9922661955
5166700050,507122.2874352365
1085623710,406106.3398022239
1123049129,280945.1367363725
8566100200,1017409.5717747768
1774000780,461403.6536464235
9492500170,849337.7640526881
686530530,670554.3440622732
4022907770,590018.8384580067
6052400975,251672.51712896442
3438502501,448039.3698324368
3758900023,1116969.0777014983
1645000580,287569.5601698715
8099200030,231432.9220366535
7635801371,484437.9374412114
3456000310,908511.4559312768
2025059150,747637.1709172057
2624039114,417793.3331723695
3348401095,306282.9906937441
6633900170,511362.87614515587
2600000510,681025.0389130515
9414700020,337482.1680511648
3204800520,397104.3133925536
1844500025,332476.05229908717
4137010590,401208.4191678534
8564950280,521449.22429388773
1338800491,940232.2133449565
4058801702,674703.4052995532
461004720,587720.3336700897
3123059107,588863.6569678969
6819100380,551762.8857187928
1193000390,976390.1595369729
3450300270,319282.743812713
3110800040,276646.1544100919
1437910090,524780.5491043556
3645500050,445256.16906035773
4338800600,248242.1922781914
2114700530,373712.1814332402
6381500450,375236.23347421834
9206950200,286320.41853104177
4232900940,762507.7673665262
1025049174,1146391.5587972654
7774200070,701238.047025659
1231000310,443514.3798179695
8155870200,305905.89714208915
7935000625,1075010.4677367627
2426049079,334838.8305616755
4037500230,518195.05776870454
2331550120,324253.3588426431
7974200765,559712.5402818086
686200510,574611.5039434322
4024100670,448376.0406267545
3834500195,479583.59574933955
3526059115,557150.5020453038
7950304075,305386.58511450025
1386800054,354056.62809979165
9834200165,555780.1830926933
6147650300,316998.29094740533
6891800360,569165.6188312898
9170500060,563277.4637818892
65000260,789295.1823218735
7784400130,601150.1598071572
7941140070,357382.8332718122
2122049096,187314.19473882954
6003000851,374064.6305558035
7203220050,913702.16964424
8898700960,295072.00382680923
5245600105,195720.30396494677
3530470190,205080.8717319488
7883603965,313488.5126450598
4022902505,539056.6872447061
3211100240,317967.6592964316
5119010090,533859.9696182013
3821000100,261133.68657430718
7301300050,407418.87701134663
2171400197,400703.0034824824
9471201175,1531969.1024411013
2473450200,392088.21460912604
2258500045,459994.14506291016
1139000400,483831.1329180722
3298701025,210763.50376246902
1498302774,325488.1744804865
9276200190,575435.5106128784
2909300240,658582.025996713
1250200693,537024.5358176121
3101500010,358392.66326539894
2557000630,265372.76289561077
1324300091,390295.59091110807
2826049260,460633.26360248734
3342100421,631179.7658270692
3524049083,359191.56376148015
9103000393,1515522.3397904232
3121059033,244283.11406318823
7853240200,634160.1869080905
7950700120,317202.42405112827
1822059057,199674.28906068162
1219000473,314945.0438921198
9272201385,720808.5502121936
1336800185,1211223.6720027213
9268851630,437042.21373816306
2788400315,240501.8800958822
3529000930,532760.6547693162
5631500967,417470.5993631052
2188201010,237860.90267594362
8562970040,735232.1825897961
4415600030,399120.2207332922
2473251170,297271.2248390342
7511200020,517171.0929122846
1163400020,244725.1133083307
5412400180,243114.86783758088
255450400,343810.9290265095
1687000210,303845.71122833184
6749700004,321063.5612493854
2738650030,560404.8269796891
9136100420,696571.2337001432
1924069115,770126.451620859
714000155,601830.1974659557
904000045,706543.0434858459
3395070640,283295.73992371955
6308000010,653352.4720423882
2695600130,342116.39625583653
3626039279,381123.3867923697
1623089039,235052.79001060774
3438501327,296115.7389523219
8118600025,379527.349874411
7625703435,847820.9771846583
1807900300,685800.597450609
1862900360,309161.18877964077
2768100186,492734.1626180103
2524059269,905736.6221970982
1126059108,983536.6243509757
7856610130,765200.6081975503
7203000200,246134.2758644148
3630120700,786578.4505077117
1612500090,199482.96505529844
3586500620,1061006.5488597988
5207200360,447011.49497012363
6675500035,394181.7696929241
1781500385,348185.55428935663
1150900080,840253.0991149665
9541600355,798654.491947192
7525530670,807781.3206090999
844000375,348340.0713948281
9578140180,346010.43354242714
9558041130,333908.3753274055
1788800910,196418.64747582882
9550200225,517800.195082661
8643200055,250077.36549822264
6143000020,272468.77161694516
8941100095,1240379.7253821208
3630010020,429064.23962778953
2895800610,354161.91850937763
822039084,660364.8646842507
5423600080,575471.564791948
3992700775,430484.3357821682
3816700150,417603.9284870128
4083302485,692881.7162017655
5127000810,325474.75310791907
1725059182,1281724.515156747
9485930120,356039.29403394077
293850040,603351.8998252692
8731981940,323326.9910440578
3330501545,299239.1188094173
1026069061,783686.8382441727
8121200710,487430.9862192202
3764390100,458690.4866753527
9493200010,358628.90732395154
2902201301,609656.8369448389
3444120130,467563.045368954
5256500025,487852.01152000227
4022902715,544661.4946129994
871001500,678497.316740534
2329700440,202685.42881955364
1773100275,266838.4527429782
7852160070,1191176.8444561022
2141330560,579239.0793148273
2505500009,689922.4457536265
8647800150,344158.8985929593
4337000200,252210.67463230522
9264901680,239980.83694526285
1773101050,339417.2723171608
9320990120,308964.5344794363
8856960280,332573.83493957174
5589300585,322158.9642076876
7935000595,1070621.27496063
7203150080,676451.5986715392
5616000030,320564.6865429874
825059178,3128703.7351055546
6666830390,763859.3350003404
8732900840,692139.2503151101
2095800520,501257.4189922482
1771000760,359746.38307150727
1901600090,395650.410237319
8857600680,237532.52403148342
4038700830,582336.2279244715
8956200070,395432.7365741151
8081500050,1991613.7115827347
567000755,439895.92507151153
424069264,733019.1504189221
1564000410,837962.6268807132
2817100910,298652.9078604469
3303960080,918964.3232309656
3340401535,208549.30678336392
1622059095,279678.18537480215
3278601940,398055.9370851475
7202380120,447633.3151797486
745500010,805161.8887337593
6608500220,399101.1734811455
8024201055,354665.7590786609
8929000140,433902.39350947895
859000160,315128.3061553674
8673400061,434498.87173665134
1269200229,896265.4592927726
6705850300,755082.7066603887
3395040550,293068.9137157423
1697000370,217639.91297927097
5245600120,238430.29586850107
8892900180,220694.12112653622
1794500360,685246.7066350303
2025049192,552226.5714892505
1930301325,929534.3822666947
4217402162,1145900.7726198263
8126300410,569174.6572330811
3345700215,593745.0179005304
2887701420,440700.4165252882
2887701251,442973.99803626566
4036100175,666061.9772980725
6762700515,903088.4259417438
3192000085,211474.86707319698
226059096,1352950.0544335083
9238900855,442417.78675084916
6706200130,304346.2980804845
2744000010,278686.9448727856
7202271060,676591.4823231606
7923200150,539151.0329062013
162500030,328939.2172633117
2571910210,276211.50347079866
1523059105,329387.8628180505
6052401215,279745.42622212286
6626100260,810131.9729057609
8925100115,1120590.3327357753
5459500165,740533.6391471941
7686202635,193733.97331230162
1118001370,1126221.7716779967
122029066,428822.5099411772
8039900130,324525.1020055997
3262300235,1089483.996527249
8860500300,310835.1274001915
8956000250,563591.767967114
1646501920,468109.6048087829
9284801500,397792.76871069055
1442880380,474364.54426464834
1311500020,255778.85812729696
254000695,336693.57998301217
9477101280,419946.5658363891
9510970530,670434.7754066144
6891800500,571196.0572377647
9407000230,311237.6371511594
7202340590,682739.4664396078
8151600590,348801.6095721913
9407001600,294528.6759840177
1771000690,322894.22540372855
1525069134,1030300.2404204741
8645540040,282725.02141783794
9414500200,416581.13625474746
7883607645,196739.08986610483
3845100140,344895.5996791419
2726049164,456703.763684646
4340610040,323018.7800952887
1245003006,1099835.742988842
1105000373,284024.6314652822
6083000123,206714.97397408655
1777600450,640736.0871131439
9558000100,409425.05962475005
2473002060,330037.6161607596
943100689,381271.6135923335
7544800395,449004.0088534608
1931300090,631962.2043700514
7936000252,442769.3492969551
7987400316,304182.72974118474
5152700060,725310.6482482876
1721801025,227159.17621269476
3438501450,285023.2843077504
9222400510,395137.1666231371
1796700160,270926.3005918752
323059208,370546.2211320003
3392100050,193183.09880595282
4038500210,714220.3266798743
6324000090,367165.5353776701
7549802535,407370.22429472907
3343900326,452005.71743685554
5701700640,795126.0817508865
5249803185,565020.5966027721
8838900032,904009.6552211938
1237500577,919916.0205853011
8642600090,313771.18261974776
3303100075,468353.58049954317
2133020020,383229.07985351206
7950302890,484056.728006372
2770601734,571783.1489544117
2538410140,363376.0536045432
8159600360,603577.7882739946
917000300,421142.84027250484
2391600330,355529.00526081317
9285800585,478951.52149731515
2005950050,235445.11197031103
6450301835,359783.8487207954
2473480520,330067.298610991
2818600010,994762.46605074
952006728,358778.9562539889
3422049088,299221.55851694767
3629870420,994764.9404934479
1079350090,305341.76214837644
1509500060,384984.74999493174
4039000050,499224.7526277539
5288200230,681258.5500789548
626400020,784736.169511432
5457300095,1629007.6415001852
5000500055,229211.5297734096
324000530,472510.27035188104
6713100031,424428.30518791033
3316500200,461006.23489721643
3124059006,1452895.711397252
1125079111,1466822.096103812
7852020300,501226.9456480977
123039364,221528.01722757064
7883603190,279164.6354188501
9828700900,563212.4458936445
6821100015,628413.8839692643
9522100375,720932.5928004307
2420069201,238593.5790432005
7504110330,756392.9005613087
475000510,580336.9789593978
2425059074,754342.8856742783
7518503685,434368.15779949824
5466400550,235141.45522970703
7852150720,418994.0585981254
3066400140,640810.9816865392
3298400470,528983.6534692501
2902200874,644577.6353100236
9500900110,203607.17906758876
8835200160,350753.09376056876
6056100295,327355.0027873129
1858600042,343553.38634879864
7224500010,261301.3995409364
5457801925,731845.4447254791
7575620750,262888.76617713866
2391600735,452194.4016588138
6192400180,782769.9592678358
5249803870,502582.0842817798
3575302880,377375.3334045566
7225000045,218678.06730331102
5561720180,284019.9970304149
1972200428,509670.613611467
892000025,203090.04198150005
2944510080,293216.8241781823
2428100100,788892.327381687
6647400250,438969.92957122426
121059038,419626.72386255855
6398000191,499635.5120577303
526059103,304165.0095239579
8856960720,298651.12289754837
3832500260,245036.45885023818
1623089025,429764.85115010524
3625710080,1055698.2765478413
6446200060,669092.3914935711
5706200370,416488.6474144641
5515600088,222421.26655382465
8029500360,347845.3025365468
6700390150,264854.2299635605
642500080,400116.88272616116
6150700264,362239.5349025023
2473371780,383012.9686445457
3905120540,576377.60819987
2652501215,770004.030258698
3176100110,693180.5615830547
7574910650,821795.1020661372
6385800030,281029.3994829076
4443800960,507270.87929958967
8731951490,280691.5689934334
3380900125,368371.6557829685
9828701508,688269.2779530704
6699950310,359555.2620832056
3321049112,426162.55849983403
1824079052,991436.9460495142
8032700140,811942.9552399932
8679600150,569317.7248465422
5040800120,931851.582872528
2026059119,399648.4586062163
4024100951,496745.30540714844
7212650990,318816.7976360367
936000060,333990.60322211194
6181500340,349840.1583105513
1137400050,406195.0799878585
3324079092,387843.2016225568
4268200055,256335.19899326324
6145602240,369877.4376772061
475000176,459458.7793575449
3279000120,235109.6992547128
9392200030,247200.2705144183
3438500714,377603.7382899193
4306500070,394775.03461429605
8588000610,185564.48869639917
792500190,359167.2251034375
2461900850,440327.20827868336
2660500365,334867.88439901965
5451210100,789585.0890340297
2787000040,310766.5179433588
3278602670,245021.2214177607
9528100899,586754.6503304658
1324079085,303387.8146858343
9477001140,393206.9262024511
9521100880,699508.5641758292
7853210060,418411.3036890722
1326069094,470337.97561698064
3420069065,377948.0191187523
5468730280,282426.78283874964
5437600140,334487.8438085226
5127000410,338068.1408804171
5445300050,570266.1305420583
3375300360,235795.5941632853
9297800165,577728.5330705533
6021500840,643147.4921151194
4323700230,476509.8316919675
643000110,250483.7447969804
8043700105,2271854.887549395
6824100014,421541.4931157914
9542830480,331230.4368072669
736100065,905941.807221321
2592210510,888752.7059123636
4233600260,1071722.7326189247
1266200015,833075.2001061554
2787700060,344838.41964838695
8843900396,394225.31017191
8029500380,276737.1437766107
5292200010,403789.40566518664
1773100980,342059.25999550475
2886200070,592652.3277748338
8594400110,340031.98031526944
9268850180,354003.12137574644
4141800285,1507107.073582279
3188100007,465816.1985171836
1796380960,268897.60251544724
7202330030,472969.28546757356
8078440140,547555.2631917661
7983200060,196045.80305524828
4427100025,421284.8996046874
2113700510,290971.5868294371
6446200305,666285.9779504011
3425079088,649529.865670142
3304040130,361527.81079123006
3222069153,287711.8130023414
5127000470,335601.61864926945
7525100520,429840.2166709052
1868902745,895406.3761363871
2920700220,386114.85455361946
1105000780,416213.2515559547
8563080020,765938.6397454324
3630090110,758501.2946525031
856000195,1940730.0554889522
8649401000,231176.6228074035
1315300095,747627.1993593252
6802200670,268558.3514627438
1523069022,340849.0012141622
2624049165,453741.24446821545
1972202080,609424.9858621567
7211340030,271061.2440061011
8850000180,392203.83315920515
2787250080,511141.4228603982
4235401055,502095.53539742634
5226500250,485406.25588837283
3294700421,339284.02670011367
322069180,672238.7668701604
1025059186,486468.0475002717
1923039022,581339.1020878215
1402600110,381415.46626138507
6817810190,385410.77221995324
434000030,635792.9730438013
6056110460,650106.3125741812
4337000285,243975.80723338728
5710610250,556450.0480037844
1049010620,276049.03712133685
5112800234,368380.52641885175
2309000060,544866.7542468664
2985800030,501505.88683009293
1604601570,412327.7976794517
1563102435,739982.0450162897
257000105,202960.49261851824
6788201440,774942.1743917745
1442300005,388891.8281106666
4055700784,756985.2004307245
3889100029,777093.7633947388
4139450760,1093502.0052550316
6079500230,643521.7068727595
259601010,414858.99821124953
3980300020,259612.42878083754
9390700100,499428.69100169843
7200001005,441149.5493961644
9264920250,262352.6866151765
8682260470,440368.3874533988
4083303815,782028.6971063969
7383450250,333478.5178272716
253600180,407641.4941271356
1450000210,173953.94937943225
1133000100,474124.39625262946
7511000050,1210949.676193044
5710600030,573489.5488959235
4178300310,721980.6933731992
3041700570,495383.2740287091
1238500978,422569.8175085554
431500155,620429.9753700019
2937300050,987218.9081623919
1352300315,210257.39604892765
3277800823,374173.5663484904
8895800110,1013779.8031736504
9274200318,555845.5513829145
1118001805,2096491.2410428768
629810720,833634.5449403615
6852700476,578700.7693722248
7345200650,230624.2364231029
8929000290,435678.4211772583
5506500170,583163.6594655525
8899000140,250741.50400518678
4006000423,276475.3195827395
7137910140,244360.32692755677
2423020010,395249.2557055566
40000362,143416.5243437525
1657000070,237282.46264644354
2124700015,242195.72910547614
1887500045,275402.2078642811
6838000170,455676.96172508295
1310910290,312817.1816138621
3599600276,211338.21251754666
8142000080,360928.2294047226
8856971000,285659.30737004767
624100950,778270.0746715043
2767704332,487461.17597107164
405100165,409662.86521865765
6117501755,434891.0676131008
8961950410,303937.0086160804
1523550480,588179.678349036
6840701160,580077.0180216494
3331500650,330120.73176394956
1862400517,374263.3780590634
9558021000,355398.28117861087
1310800090,213263.437635916
5104511040,353384.5471306525
522059189,234221.83264230582
3448720020,399933.19024640776
1310700330,258234.2744438246
5649600462,281623.14442532114
1853000510,1084893.4993814859
8128700005,301912.35227699287
6352600210,814907.3667784972
3754500010,752680.0810554177
1962200475,852843.3552037717
1773100765,283265.0290095324
8895800200,969110.6125549898
1310900260,323764.87401768303
809001525,930027.2248920611
2624049103,354474.54613654676
9191200380,629958.8009722298
6600060120,456199.8063180966
8150100045,280494.3860972165
9558010190,346178.3069262816
4038700930,599605.3205583843
2883200775,646687.6593273643
4036800910,478738.23667686555
8673400177,565722.4856127204
7110000068,718567.0621248408
3279000240,229526.79041534493
9545230280,523633.59579120734
8815400105,557495.1520478048
6738700075,971889.5568484605
8732030490,286645.2633218623
9532000070,564361.3506512871
7752400075,513844.1573687196
3824100051,404944.70522278605
2768000270,554197.9282291695
108000127,496882.5701072141
844000225,262662.7266538161
6817850040,929871.5217136156
4447300137,1017271.0526838934
8598900125,363648.97735820524
5072410070,442480.2807023325
7129300520,236603.0457395013
3830210020,194503.28840065753
4137040250,307857.6392721094
3022079080,637703.1063142162
722039087,228965.13755115325
3924500040,650220.981316275
2473381090,337254.11607659643
2201500490,384384.74945739494
9265410090,225399.4131574631
9286750100,420389.35063549445
2023700040,635869.8361052044
324000280,658962.0499261045
3814800280,355536.88933740254
7697100030,455408.55733721773
8731900790,292796.8372208822
8044700010,515189.54993238556
6123600100,212205.42596619073
1450100390,199686.68659662863
579000550,400874.2770470254
2459000020,317892.3061548424
5016000315,484776.8104515967
1193000190,835848.2792717221
4038700730,577577.2957302672
1556200265,732473.9184195348
6600410170,221256.79885291707
642800130,726846.5464873136
1043000100,379072.8313740316
7809200055,271291.7345530081
7010700308,1096251.9037293047
8680500090,543558.1570604271
2719100355,604657.5662499923
7905200147,559826.1837391484
271200130,242683.77982452544
326049103,512611.2224784025
8682211030,418051.61439142015
1070000390,1201608.3374002248
8648700450,631789.982249871
2695600410,504426.67330799904
8562710640,1009130.2399069273
1525200060,656626.881897983
1822039138,559434.6963635308
2767601375,492500.48322414927
3425069117,1308753.7463914307
952004570,374383.1876647618
7625702616,347056.4955829724
9818700430,462135.2845740918
2822059091,255364.91147882992
1775900220,338514.8104009824
6371000079,665225.5153174491
293760150,992216.8753746196
1336800880,1302042.7302306208
2771600550,1320336.3986253315
3905040040,518470.39630955417
7787110060,458425.51590066525
7708250040,351805.805780154
4022901316,523220.12582713936
191100235,881805.2721624147
7852050220,371694.99581131636
3293700480,394074.75906103157
2597450620,1433479.0285243485
6169900580,1219820.4721385213
2767602855,796118.1619672709
810000080,931785.8702436946
6392000625,481443.6355526771
1865810290,211144.33137284662
1568100380,339937.4462460443
5249804760,352985.94329330476
1337801060,866368.8831722077
6181410950,248195.37744782036
9264900660,290001.6877879804
9122001231,636743.7660459868
4427100030,401772.9663074735
7334400070,276894.89402584644
425079001,626061.6842286157
7436500360,483627.6286727878
1245001295,708143.8681265756
1310500550,307940.6613434233
4047200950,280795.86803783465
9103000455,749470.9655573044
2291400341,306904.2334007381
3876100310,424838.4181048668
7131300031,255511.80493892863
7853380510,677241.7602443867
7409700215,755044.6835616877
5248800250,399189.349600484
126039323,413002.1104679595
6632300207,351503.18442287884
3826501060,247819.0960277858
8024202520,411012.1999351173
3343901401,519417.8794453253
6431000005,555936.0758634903
9232900075,350765.633781065
3056700150,241198.8030908208
5104511250,459492.57438009564
3658700510,616719.9178368736
2895110062,315055.60884329997
7454000990,270784.90830811695
4038700680,681979.860617343
7811220070,556863.5844940224
8091670030,354469.24129074346
3438503045,253150.39217873552
6388900710,488949.48455447186
7956300020,191546.95487187133
1775930440,481701.6436431356
1762600190,946714.2090172739
6600400260,211891.73201826628
8728550150,576300.6730740878
8155500110,599070.5864399028
9169600135,473361.42803737277
1777600490,662788.9839434973
125059179,650147.7355655414
7558700030,4024664.478672697
1702900624,310182.188908901
3343901403,554295.4665152319
5101400994,334663.4254111851
5547500050,266682.96194508835
1705400350,339660.4031966327
629810800,927285.9061340841
4104900150,555366.6869035095
7888000390,203827.72460653572
4140900270,347084.79919198214
6649900030,410302.6703813099
820000012,441024.47887267027
6151800080,336377.5818918424
7454001060,237665.13920092213
8682262330,413912.40228014777
1566100010,395857.1128753416
1180500070,396785.69794357975
1112630130,377528.67662469664
3101500090,450169.2761684194
8682310220,642419.8619966103
4032500035,429525.6607101256
1623800440,478264.5948490781
1088400190,202689.08323189092
751000080,400548.7620158699
6675500070,384297.5832400215
2193340140,529848.9033546385
522049074,365860.7742200722
3204500340,234002.7864571587
5104200470,441701.26089452754
7517500611,735419.8992111614
2946002140,253372.1972837388
7631800110,722738.3980246538
3529300330,326590.7207018339
3885801970,621698.1607261506
5456000570,994073.8568753513
4123810090,367582.5691126644
4037000635,499091.82599983877
8079030350,458315.4962144486
1726069060,661556.8176367504
6858700225,226817.01932088446
3356406510,218382.92693830008
5423030040,588932.0342180624
3111300040,441686.82872632553
259800060,492225.50471903745
1972202320,435800.7912617017
5100403818,346823.031970212
1422700040,211401.89458862803
3625049014,2025868.9470659725
7852011040,646592.1530077308
1201500010,728127.2770208135
7195800009,336079.8223403509
9407001320,237394.67877864675
9508850100,649339.1385048068
1328340380,287284.54333930515
3885804305,900363.6174794286
7128300630,569033.8956343408
7574000080,388317.53491947526
3744000150,446979.2831410094
2607720150,522165.8895591566
7203190110,741746.6940184252
3904902430,636036.7945170705
11501160,784863.5219987547
9209900315,566476.7836945583
9465910030,582712.1261380437
3622069103,688872.9203938071
3288301010,479793.5036387808
4395600060,830278.8952382596
7694200380,356972.1719569557
9552700550,649850.5563179656
9264921110,266444.45245871437
6738700225,1061704.0584175491
293620220,833109.2358667819
7525300310,611168.7922199456
3992700036,426659.0846513986
3577300040,465672.0061903525
3812400202,222008.61988503725
2402100055,669889.4004541218
1853080790,844584.9816441884
1994200260,675557.9561307406
1339300025,848017.7354890823
7616200050,541648.5483308786
4022902555,758633.5267661548
9528102110,611527.2039854007
6613001241,1653885.5842273098
3205400240,337280.86987812514
6065300840,1487134.1250617043
7852040080,510379.8826799853
1920079039,262314.5298869023
2817910030,439389.0873076861
1563102880,710551.4727848121
8561200110,520057.58245988766
629000605,1123083.3655641652
2781270440,237573.77737689295
6152900273,301503.62720548396
3303950130,365650.47382954473
6411600113,314371.84444320895
4055700167,850203.6029276105
291310310,511418.4282930491
9523100550,800572.8978803856
724069070,1230864.6701458814
2408800120,385805.8782442617
7559600200,642427.491767323
8165500790,376547.5080766114
7856620870,833260.0121019841
1588600040,357136.92845506803
1023059246,475169.5276843505
1938000140,705897.139086886
6061400160,383181.72926625784
4167300350,259984.14872891686
8649400790,261462.16827101208
173000036,347874.7827170127
225039049,562886.6637346698
8043700300,2199415.730031791
3834000400,398002.04024460085
4054530260,1853021.2922946508
8724300010,766819.6353333358
9358002232,362752.8827303834
3298700012,261096.4663629474
1125059071,986032.062759076
3885805300,532491.210645183
5315100784,1155238.3299331786
3861400030,835677.8193108102
7202340010,666203.7076765891
7272001805,336811.04503988335
2781250230,327281.2311371131
1042700300,853383.6354907353
123039279,167918.62639724795
3760500336,1208975.0253449152
6979940100,776377.343443936
686300880,653085.6611971057
5214500690,425645.5571805509
6021502250,651764.1089040465
1320069223,311006.3563952348
2871000300,786272.7641303019
2724069117,382514.9136867202
1159400220,728460.8832878241
2571900380,282440.01086316997
5528600050,341499.06995315466
7686202730,185376.62240627862
2225059118,866194.7507605104
2558630350,417028.34872384206
3655400060,429186.34863123146
9558200080,291299.00898766593
1796100015,581402.237771102
3378900020,492232.6413229664
5416500040,322569.1245300985
8856004582,206372.03982711752
3812400107,414614.2420881937
6126601445,501372.7217593218
2997800021,472816.2668838221
1211000280,354538.2774634733
766800090,255337.99442520342
3224079005,270049.5087772512
619000100,341423.18255289673
4319200620,370003.4483960849
626059335,501525.1357039425
3340401570,306933.8427920198
7015200800,652721.285882324
8106300510,503280.31627785513
1446110020,485232.84001521114
2872900280,633026.6999120908
8965500320,719146.7987848399
7853300070,494112.6871653956
5652601455,680799.9726397909
7579200915,956728.0714420399
2641400160,382900.85377424187
203900460,407988.2356042904
2998800040,609356.0131677667
7519000170,523055.61681274616
923000425,755641.9332348852
2973800030,226167.06386340305
6430500182,1066700.7984157074
7304301010,339272.3008184666
3861470110,2146336.5216496424
2296500136,719196.9577396462
6790950150,739029.0021537525
8123100045,481311.15399035113
3142600130,629082.2908605766
7137970130,323002.4437778351
8656800190,405553.233517739
7135300046,255158.57994756516
3629960680,466285.314516371
1133000385,747717.9011074418
1085621960,301007.74407833564
9542802000,197255.25811626538
8151600973,526501.21345667
7019000050,413440.5124841478
6021501920,632442.7063214926
7399300420,255205.76419846265
7548300731,572958.8637857179
5316100220,883381.2995678361
5152600090,297004.55844592524
1703400470,363571.7271913401
7316400070,309531.0462728536
5561300380,470762.0795051999
2215450100,333688.6359562223
8635750330,649855.9788252586
9492500140,845295.4826650931
5315100393,717041.1131790682
8588000315,224455.2835241246
7524200180,247898.0888166801
4235400255,394026.17364446155
326069131,589423.784891897
4077800026,873069.6225617724
9477000120,364766.5219676406
5608000590,950357.2150862535
4137050130,290391.25702854147
5249801440,315501.56309488206
9264901510,259790.89605530212
5437820250,199030.35612209362
200500410,457637.3936476483
9407111100,286668.20359266864
126039252,394303.7041163149
6141100255,426507.3471529576
3013300830,357058.49599307345
3271300955,889140.0208273327
3021059276,258771.7337140033
9542000050,740785.8200981577
2769600035,804198.8036736734
3824100364,496155.00507877546
1726069202,365109.184058686
7327500270,322531.2400345857
1189000207,457622.88257685886
2472950160,278000.22513503244
9558040050,549048.5202562239
3438503120,352596.6183643829
9407150240,282606.13546850963
1370804295,628529.9535513867
5700001100,661011.06679972
6837820030,397864.11642638734
5411600210,825393.2243059302
5061300030,267213.94514363265
525069133,871190.8298711877
2121000250,352838.9434010028
3179100720,658993.0071254992
2780700050,458133.13383408316
1545805820,262145.6506228495
5702380630,266886.6435130676
9211010260,523845.210075321
7129300595,259035.1644133955
6802200100,243191.4026842778
3304030140,400245.50332161796
2623039019,856212.7667763267
104500730,203640.07802698403
2924069132,608443.3955402697
1775500310,665619.7584432348
8114000040,316277.95578900306
2011400021,402343.18050191295
7525570020,661017.0173488058
2917200615,445802.17494519573
7697000170,297995.9905872275
7871500070,797956.4628760547
7215722010,519300.0112642411
6300000378,478895.822962564
7159200005,2477684.8133662133
8946410040,397717.12524757464
3893100327,334466.6704891806
635000009,930755.2423318712
2322069116,478723.22434788424
2760200050,317486.6572964503
3432500210,295465.70967967325
5700000245,618537.4968988864
7588700177,328649.14641890384
9178600135,678884.0653043168
9830200475,419813.85939740576
8562780160,337765.0245996737
9826701665,534215.2004707686
7504010900,689830.4542800464
2770606915,468930.53224909346
1254200075,598759.1551593998
2473450430,437396.7992789
1433290010,460572.6684311662
7586200061,329561.7541859974
6841700070,542145.3289714293
9826701320,470925.46914217365
8943600720,297716.43995684345
6791900260,782468.7059474493
2301400640,700495.6679501069
7979900210,333263.675377928
4037200665,441421.50381504063
984000650,302660.02272425627
2937300060,936850.0365570576
8731982190,255488.4193810959
1445200190,280203.0716415439
952003285,701167.1185514571
1402970020,407270.0514466356
2487700274,400220.2892746632
8113101670,423458.71104705735
8682300400,660814.5475261944
809002435,702142.7165974295
4045900147,564254.9912936973
2991000400,279887.9377906972
9456200405,196056.90002994653
5104510370,306761.1214802717
9414610240,513839.3941288444
2111010760,355367.57556386566
1854900430,677561.930861466
2624300080,845132.7192712429
3645100280,484880.6918971781
1433100010,273998.9102971939
9533600100,1011169.8298539916
6743700030,553372.757671966
9294300070,687460.5437051042
2114700540,257267.1315592019
7853280550,761153.0025341132
868000175,662617.5071742428
1446401290,222042.6298912138
9109000050,321298.64483323373
8856004327,271117.0510360681
2329800110,273093.93115186266
3031200230,419086.4133065358
7582700075,1697650.2201820347
2422049104,99397.09967304491
9274202885,502382.3382555046
1770000090,417295.49947867193
9500900430,243583.24360198365
7305900082,364121.6881144478
3336000170,332473.2638605421
5680000455,696811.6015402804
9808630210,881893.8179972327
8807810110,475315.0301846739
3824100211,452286.16839008406
3423059153,562588.2855852324
3937900120,465161.6879314749
524059323,868854.3719661031
4305600250,529574.1027789718
1257201375,568298.6742869708
853600150,1393184.4258489977
2424059174,1473347.1926218052
5205000400,292735.37680459395
2658000115,204553.61021624366
3055800020,272161.43429836753
357000025,587774.6821760754
5666300010,334174.98637714237
4167700210,264347.0278458337
9187200275,708139.536452329
2960900040,453524.8762274777
1021049022,225707.025481612
7750500120,232944.5586699667
7153200160,1316835.1813711193
4406000390,253710.43025729604
629800380,1387434.4715615506
2026049125,301136.39380048
6117502230,1908871.4209581437
3379100130,472911.61057584547
2472920140,442461.5879776897
7214720075,594558.5965972197
1771110070,340029.5075183595
5127001600,310986.4484172821
6666860210,332621.2402639666
5467200055,333394.10129067325
7819000040,360971.7083072264
3790700070,303554.8623780687
6362900138,358148.11846098996
597000593,404882.0939405684
8032700070,635486.5319479334
9301300215,983616.8038168112
8902500118,396777.56299641624
6607000095,415588.5259311114
2163900081,761029.9394005374
7732500270,676811.2188945638
3856903515,603724.3670542982
2557000400,271726.8006668481
4386700135,1619195.0285139254
7399000360,305826.4581504449
